영업 내용,영업일,신규or기존,지역그룹,거래처,거래처 담당자,담당자,상태,영업 제품,업무 내용,Action_Type,검토상태
홍성의료원 미팅 진행,2026/08/06,기존 병원,서산당진,홍성의료원 (https://app.notion.com/p/724dd38877f9463d8544f5f556ec3bca?pvs=21),심뇌혈관 간호사,이은필,영업시도,ANGIO 시술용 키트 PR03 (Adv.) (https://app.notion.com/p/ANGIO-PR03-Adv-3b2fd9fcb8cd816d9e80c13351bf5a01?pvs=21),"홍성의료원 심뇌혈관 간호사와 미팅을 진행했으나 비급여 제품에 일부 거부반응이 있었습니다. 당일 과장님은 응급 일정으로 미팅하지 못해 추후 미팅을 추진하기로 했습니다.
다음: 추후 과장님 미팅 진행",관계관리,완료
서산중앙 엔지오키트 샘플 전달,2026/08/06,기존 병원,서산당진,서산중앙병원 (https://app.notion.com/p/96fda86d9e5447878e3c62e2131a2304?pvs=21),심뇌혈관팀장,이은필,영업중,,"서산중앙병원 심뇌혈관팀장에게 가장 원하는 타입인 엔지오키트 시술용04제품 샘플을 전달했습니다. 추후 사용에 대한 피드백을 받기로 하였습니다.
다음: 엔지오키트 시술용04제품 샘플 사용 피드백 확인",샘플·데모,완료
유성선병원 키트 피드백,2026/08/04,기존 병원,대전논산,(의)영훈의료재단유성선병원 (https://app.notion.com/p/ae1c9008543340fa9a107374d735d452?pvs=21),,최진웅,영업시도,ANGIO 시술용 키트 PR03 (Adv.) (https://app.notion.com/p/ANGIO-PR03-Adv-3b2fd9fcb8cd816d9e80c13351bf5a01?pvs=21),"유성선병원 실무진에게 ANGIO 시술용 키트에 대해 긍정적인 반응을 얻었으나 트레이가 작다는 피드백을 받았습니다. 이번 주 내로 추가 피드백을 확인할 예정입니다.
다음: 이번 주 내 실무진 추가 피드백 확인",관계관리,완료
"청주 다나여성병원 ",2026/08/20,기존 병원,세종충북,다나여성병원 (https://app.notion.com/p/3b5fd9fcb8cd8151a796f3cdc8a9a1c3?pvs=21),사무장,이재덕,영업시도,,청주 다나여성병원 사무장이 스타킹 원장에게 이야기 했다고 함. 기존 간납처에서 스타킹에 문제 있으면 바꾸겠다고 함. 사무장이 신서규나 이오영 원장에게 직접 가서 설명하는게 좋겠다고 해서 다음부터는 원장들 직접 만나볼 예정.,제품설명·소개,완료
청주 한국병원 보비패드 미팅진행,2026/08/21,기존 병원,세종충북,청주 한국병원 (https://app.notion.com/p/ef784b1524834c199045e535d8e75bdd?pvs=21),구미희,이재덕,영업시도,,"청주 한국병원 구미희 선생을 면담하여 보비패드 도입 진행사항을 체크했으나 아직은 힘들다는 답변을 받았습니다. 향후 지속적으로 노력할 예정입니다.
다음: 지속적인 방문 및 도입 추진",관계관리,신규확인필요
청주 한국병원 마인드레이 카다록 제품설명,2026/08/21,기존 병원,세종충북,청주 한국병원 (https://app.notion.com/p/ef784b1524834c199045e535d8e75bdd?pvs=21),박정현 과장,이재덕,영업시도,,청주 한국병원 산부인과의 박정현 과장에게 인사드리고 마인드레이 카탈로그를 전달했습니다.,제품설명·소개,신규확인필요
음성 제일좋은병원 PENKO SURGI PAD 제품설명,2026/08/21,기존 병원,세종충북,음성 제일좋은병원 (https://app.notion.com/p/3b5fd9fcb8cd81878907f5e8be760179?pvs=21),,이재덕,영업시도,PENKO SURGI PAD (https://app.notion.com/p/PENKO-SURGI-PAD-3b2fd9fcb8cd81bd88afd489c62ac823?pvs=21),"음성 제일좋은병원 구매과를 방문하여 써지패드 등 제품 상세 설명을 진행했습니다. 다소 배타적인 분위기이나 특별한 제품군으로 재공략해 볼 가치가 있습니다.
다음: 차별화된 제품 라인업 준비 및 재방문",제품설명·소개,완료
국립소방병원 HYGENT (하이젠트) 제품설명,2026/08/21,기존 병원,,국립소방병원 (https://app.notion.com/p/3b5fd9fcb8cd81deb06ac995d7d642b9?pvs=21),문덕주,이재덕,영업시도,,"음성 국립소방병원의 문덕주 원장과 면담을 진행했으나 하이젠트는 아직 사용 전인 상태입니다. 다음 주 김기호 원장을 면담하며 다시 제품 디테일을 진행할 예정입니다.
다음: 다음 주 김기호 원장 면담 및 하이젠트 제품 디테일 진행",제품설명·소개,완료
모태안여성병원 데모장비 샘플/데모,2026/08/21,기존 병원,세종충북,모태안여성병원 (https://app.notion.com/p/3b2fd9fcb8cd8155911ec5bd84013f09?pvs=21),,이재덕,영업시도,,모태안여성병원에서 사용 중이던 데모장비를 회수하였습니다.,샘플·데모,신규확인필요
건국대학교 충주병원 제품설명,2026/08/20,기존 병원,세종충북,건국대학교 충주병원 (https://app.notion.com/p/3c4ee56de1d148f59f4b8f2c63de6f08?pvs=21),박금수,이재덕,영업시도,,"건국대학교 충주병원 박금수 교수에게 브로셔를 전달하고 제품을 소개했으나 별다른 반응은 없었습니다. 추후 일정을 맞춰 이승환 교수를 면담할 예정입니다.
다음: 이승환 교수 면담",제품설명·소개,완료
충주별산부인과 PENKO SURGI PAD 제품설명,2026/08/20,기존 병원,세종충북,충주별산부인과 (https://app.notion.com/p/3b5fd9fcb8cd81c8898ad6579fc4d258?pvs=21),사무장,이재덕,영업시도,PENKO SURGI PAD (https://app.notion.com/p/PENKO-SURGI-PAD-3b2fd9fcb8cd81bd88afd489c62ac823?pvs=21),충주 별산부인과 사무장에게 써지패드 제품에 대해 상세히 설명하였으나 특별한 반응을 보이지 않았습니다.,제품설명·소개,완료
단양 영춘의원 미팅진행,2026/08/20,신규 병원,세종충북,단양 영춘의원 (https://app.notion.com/p/3c6fd9fcb8cd802f9ee8cc905a635cf5?pvs=21),이사장,이재덕,영업시도,,"단양 영춘의원 이사장과 면담을 통해 약 1.2억 원 규모의 노후 장비 교체 지원사업 신청 사실을 확인했습니다. 계약 방식은 아직 미정입니다.
다음: 지원사업의 계약 방식(나라장터 또는 수의계약) 확정 여부 지속 모니터링",관계관리,신규확인필요
단양 보건의료원 PENKO SURGI PAD 제품설명,2026/08/20,신규 병원,세종충북,단양 보건소 (https://app.notion.com/p/3b5fd9fcb8cd81b6b028c934f244aff2?pvs=21),진료지원과,이재덕,영업시도,PENKO SURGI PAD (https://app.notion.com/p/PENKO-SURGI-PAD-3b2fd9fcb8cd81bd88afd489c62ac823?pvs=21),"단양 보건의료원 진료지원과에 펜코 카탈로그를 전달하고 제품 디테일링을 진행하였으며, 영춘의원 장비 지원사업에 대해 안내했습니다. 수금은 즉시 처리 예정이나, 타 지역 구매 제한으로 인해 팀장과 상의 후 구매 품목을 검토하겠다고 했습니다.
다음: 구매 검토 결과 확인 및 수금 진행",제품설명·소개,신규확인필요
제천 서울병원 스타픽스 제품설명,2026/08/20,기존 병원,세종충북,제천 서울병원 (https://app.notion.com/p/3b5fd9fcb8cd81c2b3c4d97b0a2be4b0?pvs=21),고영선 과장,이재덕,영업시도,,제천 서울병원 OS 고영선 과장에게 스타픽스 제품을 소개하였으나 특별한 반응은 없었습니다.,제품설명·소개,신규확인필요
제천명지병원 ANGIO 시술용 키트 PR03 (Adv.) 제품설명,2026/08/20,기존 병원,세종충북,제천명지병원 (https://app.notion.com/p/3b5fd9fcb8cd811f81d5cccde2960431?pvs=21),,이재덕,영업시도,ANGIO 시술용 키트 PR03 (Adv.) (https://app.notion.com/p/ANGIO-PR03-Adv-3b2fd9fcb8cd816d9e80c13351bf5a01?pvs=21),"제천명지병원 심혈관센터에 ANGIO 시술용 키트 PR03 (Adv.) 브로셔를 전달하고 소개했습니다. 담당 매니저가 타사 제품 샘플과 세미나 준비 소식을 전하며, 필요 시 연락하겠다고 답했습니다.
다음: 타사 세미나 진행 및 제품 사용 동향을 파악하며 추후 연락 대기 후 재접촉 추진.",제품설명·소개,완료
제천성지병원 PENKO SURGI PAD 제품설명,2026/08/20,기존 병원,세종충북,제천성지병원 (https://app.notion.com/p/3b5fd9fcb8cd8140b276e7c4d6ef392b?pvs=21),구매과,이재덕,영업시도,PENKO SURGI PAD (https://app.notion.com/p/PENKO-SURGI-PAD-3b2fd9fcb8cd81bd88afd489c62ac823?pvs=21),"제천성지병원 구매과에 써지패드와 힙조인트 제품을 설명하였으나, 병원 측은 현재 엑스밴드 제품을 사용 중이라고 답했습니다.",제품설명·소개,신규확인필요
청주 하나병원 ANGIO 시술용 키트 PR03 (Adv.) 샘플/데모,2026/08/20,기존 병원,세종충북,청주 하나병원 (https://app.notion.com/p/00b1783b8c6f4791ba486e1bed98675d?pvs=21),구매과,이재덕,영업시도,ANGIO 시술용 키트 PR03 (Adv.) (https://app.notion.com/p/ANGIO-PR03-Adv-3b2fd9fcb8cd816d9e80c13351bf5a01?pvs=21),"청주 하나병원 구매과에 ANGIO 시술용 키트 샘플을 전달하였으며, 구매과에서 이를 심혈관센터에 전달하기로 하였습니다.",샘플·데모,완료
청주탑병원 bh 제품 제품설명,2026/08/20,기존 병원,세종충북,청주탑병원 (https://app.notion.com/p/3b5fd9fcb8cd81099e2adcbba17ae8c9?pvs=21),구매과 bh,이재덕,영업시도,,청주탑병원 구매과에 bh 제품을 상세히 소개했습니다. 이미 청주 대리점 직원이 방문했었다는 사실을 확인했습니다.,제품설명·소개,신규확인필요
청주 마디사랑병원 DVT SLEEVE 발타입 허벅지부분 샘플/데모,2026/08/20,기존 병원,세종충북,청주 마디사랑병원 (https://app.notion.com/p/3b5fd9fcb8cd810f949dc3ed4d33b6b5?pvs=21),구매과 직원,이재덕,영업시도,,청주 마디사랑병원에서 암슬리브 샘플을 수거했습니다. 구매과 직원이 타 의료기기 회사로 이직할 예정임을 파악했습니다.,샘플·데모,신규확인필요
옥천성모병원 힙조인트 제품 제품설명,2026/08/20,기존 병원,세종충북,옥천성모병원 (https://app.notion.com/p/1d6490ab72a64fa7a1e874bed8d3ee80?pvs=21),과장,이재덕,영업시도,,"옥천성모병원에 힙조인트 제품 등을 소개하였으나 과장이 기존 제품 사용을 고집하여 거절당했습니다. 향후 기회가 되면 과장에게 직접 제품 상세 설명을 진행할 예정입니다.
다음: 과장 직접 디테일 및 제품 설명 시도",제품설명·소개,신규확인필요
,,,,,,,영업시도,,,,
보은한양병원 내시경바지 미팅진행,2026/08/20,기존 병원,세종충북,보은한양병원 (https://app.notion.com/p/3b5fd9fcb8cd81b4b358df27f0e822d8?pvs=21),,이재덕,영업시도,,"보은한양병원에 이전에 전달한 내시경바지 샘플 피드백을 확인했습니다. 병원 측에서 현재 내과의를 구하지 못해 사용 전이며, 구인 후 내시경실이 운영되면 사용할 예정이라고 합니다.
다음: 내시경 내과의 충원 여부 확인 및 추후 재방문",관계관리,신규확인필요
미즈맘산부인과의원 납품,2026/08/19,기존 병원,서산당진,미즈맘산부인과의원 (https://app.notion.com/p/3b2fd9fcb8cd81eda344f77d3111bddb?pvs=21),,이은필,영업완료,,미즈맘산부인과의원에 제품 납품을 완료하였습니다.,납품·설치,완료
충북대학교병원 ANGIO 시술용 키트 PR03 (Adv.) 미팅진행,2026/08/18,기존 병원,세종충북,충북대학교병원 (https://app.notion.com/p/ba520b40010143dfae0d3ff058b73012?pvs=21),최웅길 교수,이재덕,영업시도,ANGIO 시술용 키트 PR03 (Adv.) (https://app.notion.com/p/ANGIO-PR03-Adv-3b2fd9fcb8cd816d9e80c13351bf5a01?pvs=21),충북대학교병원 심장내과 최웅길 교수와 면담을 진행하여 ANGIO 시술용 키트 PR03 (Adv.)의 사용을 독려하였습니다.,관계관리,완료
청주의료원 PENKO SURGI PAD 제품설명,2026/08/18,기존 병원,세종충북,청주의료원 (https://app.notion.com/p/3b2fd9fcb8cd81c5a6aaf095c6e24261?pvs=21),김윤호 과장,이재덕,영업시도,PENKO SURGI PAD (https://app.notion.com/p/PENKO-SURGI-PAD-3b2fd9fcb8cd81bd88afd489c62ac823?pvs=21),"청주의료원 정형외과 김윤호 과장에게 써지패드를 소개했으나 기존 사용 제품이 있다고 하였습니다. 향후 써지패드 x-ray 제품으로 계속 방문할 예정입니다.
다음: 써지패드 x-ray 제품으로 지속 방문 및 영업 진행",제품설명·소개,완료
청주 하나병원 미팅진행,2026/08/18,기존 병원,세종충북,청주 하나병원 (https://app.notion.com/p/00b1783b8c6f4791ba486e1bed98675d?pvs=21),,이재덕,영업시도,,"청주 하나병원 구매과에 방문하였으나 담당자 부재로 만나지 못했습니다.
다음: 차후 구매과 담당자 재방문 예정",관계관리,완료
청주 윈윈os PENKO SURGI PAD 제품설명,2026/08/18,신규 병원,세종충북,,구매과 담당자,이재덕,영업시도,PENKO SURGI PAD (https://app.notion.com/p/PENKO-SURGI-PAD-3b2fd9fcb8cd81bd88afd489c62ac823?pvs=21),청주 윈윈os 구매과 담당자를 방문하여 펜코 제품군에 대한 상세 설명 및 디테일 영업을 진행했습니다.,제품설명·소개,신규확인필요
청주 방서미즈닥터 납품,2026/08/18,기존 병원,세종충북,청주 방서미즈닥터 (https://app.notion.com/p/3b5fd9fcb8cd814dbb17d4c90b92d185?pvs=21),,이재덕,영업완료,,청주 방서미즈닥터에 제품을 납품하였습니다.,납품·설치,완료
엠에스여성의원 납품,2026/08/18,기존 병원,세종충북,엠에스여성의원 (https://app.notion.com/p/3b2fd9fcb8cd81718778d8073602d2c4?pvs=21),,이재덕,영업완료,,엠에스여성의원에 납품을 완료하였습니다.,납품·설치,완료
미즈맘산부인과의원 납품,2026/08/18,기존 병원,서산당진,모태안여성병원 (https://app.notion.com/p/3b2fd9fcb8cd8155911ec5bd84013f09?pvs=21),,이재덕,영업시도,,미즈맘산부인과의원에 납품을 완료하였습니다.,납품·설치,완료
청담튼튼 납품,2026/08/18,기존 병원,,청담튼튼 (https://app.notion.com/p/3b5fd9fcb8cd81b98857ccf98f38f7c8?pvs=21),,이은필,영업완료,,청담튼튼에 물품 납품을 완료하였습니다.,납품·설치,완료
분당제일여성병원 납품,2026/08/18,기존 병원,서울경기,분당제일여성병원 (https://app.notion.com/p/3b2fd9fcb8cd816fa819fecaebcc1b6d?pvs=21),,이은필,영업완료,,분당제일여성병원에 제품 납품을 완료하였습니다.,납품·설치,완료
분당제일여성병원 미팅진행,2026/08/18,기존 병원,서울경기,분당제일여성병원 (https://app.notion.com/p/3b2fd9fcb8cd816fa819fecaebcc1b6d?pvs=21),,이은필,영업완료,,분당제일여성병원을 방문하여 영업을 진행했습니다.,관계관리,완료
서주태 비뇨기과 의원 방문,2026/08/18,기존 병원,서울경기,서주태 비뇨기과 의원 (https://app.notion.com/p/3b2fd9fcb8cd81e1a2b0cf50b751133e?pvs=21),,이은필,영업완료,,서주태 비뇨기과 의원의 결재가 완료되었습니다.,기타,완료
미즈러브여성비뇨기과의원 납품,2026/08/18,기존 병원,서울경기,미즈러브여성비뇨기과의원 (https://app.notion.com/p/3b2fd9fcb8cd8153b7ddcda1aaa58179?pvs=21),,이은필,영업완료,,미즈러브여성비뇨기과의원에 납품을 진행하였습니다.,납품·설치,완료
담소유병원 에어웨이 납품,2026/08/18,기존 병원,서울경기,담소유병원 (https://app.notion.com/p/3b2fd9fcb8cd8189b20fed5f65b5992d?pvs=21),최홍구 대리,이은필,영업시도,,"담소유병원 최홍구 대리의 휴가 기간 중 미납 품목을 납품하고 에어웨이 발주를 진행했습니다. 해당 건은 이번 주까지 납품을 완료할 예정입니다.
다음: 이번 주 내로 에어웨이 및 미납 품목 납품 완료",납품·설치,신규확인필요
서산중앙병원 ANGIO 시술용 키트 PR03 (Adv.) 제품설명,2026/08/14,기존 병원,서산당진,서산중앙병원 (https://app.notion.com/p/96fda86d9e5447878e3c62e2131a2304?pvs=21),,이은필,영업시도,"ANGIO 시술용 키트 PR03 (Adv.) (https://app.notion.com/p/ANGIO-PR03-Adv-3b2fd9fcb8cd816d9e80c13351bf5a01?pvs=21), MULTI USEFUL Sheet U-type 90x90 (https://app.notion.com/p/MULTI-USEFUL-Sheet-U-type-90x90-3b2fd9fcb8cd812d8378c1635cd03fd4?pvs=21)","서산중앙병원에 ANGIO 시술용 키트 납품이 확정되었습니다. 추가적으로 복강경 패키지 차이점 설명, 유틸리티 드레이프 단가 확인 및 신규 제품 구성 변경 문의에 대한 대응이 필요합니다.
다음: 복강경 패키지 차이점 설명 준비, UTILITY DRAPE 단가 확인, BSH1720 제품의 구성 변경 가능 여부 확인 후 피드백",제품설명·소개,신규확인필요
(의)영훈의료재단유성선병원 ANGIO 시술용 키트 PR03 (Adv.) 샘플/데모,2026/08/13,기존 병원,대전논산,(의)영훈의료재단유성선병원 (https://app.notion.com/p/ae1c9008543340fa9a107374d735d452?pvs=21),조영실 실장,최진웅,영업시도,ANGIO 시술용 키트 PR03 (Adv.) (https://app.notion.com/p/ANGIO-PR03-Adv-3b2fd9fcb8cd816d9e80c13351bf5a01?pvs=21),"대전 한국병원의 조영실 실장은 만나지 못해 명함을 남겼으며 다음 주에 재방문할 예정입니다. 유성선병원에는 C라인과 엔지오키트 최종 샘플을 한 번 더 전달하기로 했습니다.
다음: 다음 주 대전 한국병원 재방문 및 유성선병원 최종 샘플 전달",샘플·데모,신규확인필요
미래산부인과 Oxy9wave 견적제출,2026/08/13,기존 병원,세종충북,미래산부인과 (https://app.notion.com/p/3b2fd9fcb8cd814c8c1df0966b7437b2?pvs=21),,이우식,영업시도,,미래산부인과에 Oxy9wave 새 제품의 견적을 88만 원으로 제출하였습니다.,견적제출,완료
미래산부인과 Oxy9wave A/S,2026/08/13,기존 병원,세종충북,미래산부인과 (https://app.notion.com/p/3b2fd9fcb8cd814c8c1df0966b7437b2?pvs=21),,이우식,영업시도,,"미래산부인과의 Oxy9wave 1대 수리를 한결메디칼에 의뢰하였습니다. 업체 휴가 기간으로 인해 다음 주 중으로 점검 결과가 나올 예정입니다.
다음: 다음 주 중 한결메디칼 수리 진행 상황 확인",A/S·클레임,완료
예일산부인과 IPS720 장비 납품,2026/08/13,기존 병원,평택,예일산부인과 (https://app.notion.com/p/3b2fd9fcb8cd818db20df6e7e72ece45?pvs=21),분만실 수간호사,이우식,영업시도,,"예일산부인과 분만실에 IPS720 장비를 세팅했으나 모니터카트 형태로 재세팅을 요청받았습니다. 금주 중 주문을 진행하여 다음 주에 재세팅할 예정입니다.
다음: 금주 내 주문 완료 후 다음 주 중 모니터카트 재세팅 완료",납품·설치,완료
연세하임산부인과의원 b400제품 A/S,2026/08/12,기존 병원,천안아산,연세하임산부인과의원 (https://app.notion.com/p/3b2fd9fcb8cd8151b64ddef51bcf4d52?pvs=21),,이은필,영업시도,,연세하임산부인과의원의 b400 제품에 대한 A/S를 접수하였습니다.,A/S·클레임,완료
담소유병원 멤브레인주사기 일체형 납품,2026/08/12,기존 병원,서울경기,담소유병원 (https://app.notion.com/p/3b2fd9fcb8cd8189b20fed5f65b5992d?pvs=21),,이은필,영업시도,,"다음 주부터 납품 시 담당자 검수 후 층별 납품을 진행해야 합니다. 멤브레인 주사기 일체형 2곽 발주 및 청연메디칼을 통한 엔도튜브 수급이 필요합니다.
다음: 다음 주 납품 시 담당자 검수 후 층별 납품 진행 및 청연메디칼에서 엔도튜브 3.0 1박스 수령",납품·설치,신규확인필요
충북대학교병원 ANGIO 시술용 키트 PR03 (Adv.) 제품설명,2026/08/11,기존 병원,세종충북,충북대학교병원 (https://app.notion.com/p/ba520b40010143dfae0d3ff058b73012?pvs=21),권택근 교수,이재덕,영업시도,ANGIO 시술용 키트 PR03 (Adv.) (https://app.notion.com/p/ANGIO-PR03-Adv-3b2fd9fcb8cd816d9e80c13351bf5a01?pvs=21),"충북대학교병원 심장내과 권택근 교수를 면담하여 앤지오킷의 인정비급여 여부 및 단가에 대해 안내했습니다. 향후 최웅길, 김상민 교수를 추가로 방문하여 영업할 예정입니다.
다음: 최웅길, 김상민 교수 방문 및 영업 진행",제품설명·소개,완료
뿌리병원 아이기스 제품설명,2026/08/11,기존 병원,,뿌리병원 (https://app.notion.com/p/3b5fd9fcb8cd81f39984c99b28445d1b?pvs=21),구매과 담당자,이재덕,영업시도,,"뿌리병원 구매과 면담을 통해 아이기스 외 제품을 소개하였으나 반응이 미온적이었습니다. 구매 담당자의 평판을 다각도로 파악 중입니다.
다음: 구매과 담당자 평판 파악 및 향후 영업 방향성 모색",제품설명·소개,신규확인필요
청주 마디사랑병원 DVT SLEEVE 발타입 허벅지부분 제품설명,2026/08/11,기존 병원,세종충북,청주 마디사랑병원 (https://app.notion.com/p/3b5fd9fcb8cd810f949dc3ed4d33b6b5?pvs=21),구매과,이재덕,영업시도,"DVT SLEEVE 발타입 허벅지부분 (https://app.notion.com/p/DVT-SLEEVE-3b2fd9fcb8cd8162a0a0f4e67feb838f?pvs=21), PENKO SURGI PAD (https://app.notion.com/p/PENKO-SURGI-PAD-3b2fd9fcb8cd81bd88afd489c62ac823?pvs=21)","청주 마디사랑병원 구매과 면담 결과, 닥터암슬리브 사용 계획은 미정이며 서지패드도 타사 제품을 사용 중입니다. 향후 펜코 제품으로 지속적인 제품 디테일을 진행할 예정입니다.
다음: 펜코 제품 중심의 지속적인 디테일 영업 진행",제품설명·소개,신규확인필요
천안우리병원 PENKO SURGI PAD 제품설명,2026/08/11,신규 병원,천안아산,천안우리병원 (https://app.notion.com/p/3bcfd9fcb8cd8068bdc6f6ad5e6828b6?pvs=21),박종환 부장,이은필,영업시도,"PENKO SURGI PAD (https://app.notion.com/p/PENKO-SURGI-PAD-3b2fd9fcb8cd81bd88afd489c62ac823?pvs=21), PENKO DF SURGI SWORD (https://app.notion.com/p/PENKO-DF-SURGI-SWORD-3b2fd9fcb8cd81b782dacd6ffbe4d5db?pvs=21)","천안우리병원 기획관리부 박종환 부장을 만나 서지패드, 서지소드 및 밴드골드 FIX-TB 브로셔를 전달했습니다. 펜코 제품은 현재 타사에서 납품 중임을 확인했습니다.",제품설명·소개,신규확인필요
모태안여성병원 GYNE COLLA 샘플/데모,2026/08/11,기존 병원,세종충북,모태안여성병원 (https://app.notion.com/p/3b2fd9fcb8cd8155911ec5bd84013f09?pvs=21),,이은필,영업시도,GYNE COLLA (https://app.notion.com/p/GYNE-COLLA-3b2fd9fcb8cd8137bad0c7a1ca63f64a?pvs=21),"모태안여성병원으로부터 올림프스발판 수리 요청을 받았으며, 태아심전도 bt350 데모 및 250, fc1400 제안서를 제공했습니다.",샘플·데모,신규확인필요
충북대학교병원 미팅진행,2026/08/10,기존 병원,세종충북,충북대학교병원 (https://app.notion.com/p/ba520b40010143dfae0d3ff058b73012?pvs=21),김호순,이재덕,영업시도,,"충북대학교병원 산부인과 김호순 선생님과 면담하여 8월 28일 김정미 교수 수술 일정에 맞춘 장비 사용 가능 여부를 논의했습니다. 장비업체에 연락하여 지원 가능 여부를 확인한 후 피드백을 주기로 했습니다.
다음: 장비업체에 연락하여 8월 28일 장비 지원 가능 여부를 타진하고 김호순 선생님께 피드백 제공",관계관리,완료
청주 하나병원 ANGIO 시술용 키트 PR03 (Adv.) 제품설명,2026/08/10,기존 병원,세종충북,청주 하나병원 (https://app.notion.com/p/00b1783b8c6f4791ba486e1bed98675d?pvs=21),구매과 담당자,이재덕,영업시도,ANGIO 시술용 키트 PR03 (Adv.) (https://app.notion.com/p/ANGIO-PR03-Adv-3b2fd9fcb8cd816d9e80c13351bf5a01?pvs=21),"청주 하나병원 구매과를 방문하여 ANGIO 시술용 키트 PR03 (Adv.) 면담을 진행하고 충북대병원 납품 실적을 공유했습니다. 담당자 휴가 일정으로 인해 다음 주에 다시 연락하여 논의를 이어가기로 했습니다.
다음: 다음 주에 구매과 담당자에게 연락하여 후속 논의 진행",제품설명·소개,완료
청주효성병원 ANGIO 시술용 키트 PR03 (Adv.) 제품설명,2026/08/10,기존 병원,세종충북,청주효성병원 (https://app.notion.com/p/4ed256ac06214acc9c65ebb903123c3c?pvs=21),구매과,이재덕,영업시도,ANGIO 시술용 키트 PR03 (Adv.) (https://app.notion.com/p/ANGIO-PR03-Adv-3b2fd9fcb8cd816d9e80c13351bf5a01?pvs=21),청주효성병원 구매과를 방문하여 앤지오키트 도입을 위한 면담을 진행했습니다. 충북대학교병원 납품 이력을 언급하며 홍보하였으나 큰 반응은 얻지 못했습니다.,제품설명·소개,완료
청주 한국병원 PENKO SURGI PAD 샘플/데모,2026/08/10,기존 병원,세종충북,청주 한국병원 (https://app.notion.com/p/ef784b1524834c199045e535d8e75bdd?pvs=21),신영미 팀장,이재덕,영업시도,PENKO SURGI PAD (https://app.notion.com/p/PENKO-SURGI-PAD-3b2fd9fcb8cd81bd88afd489c62ac823?pvs=21),청주 한국병원 수술방 신영미 팀장에게 펜코 서포트 플레이트 샘플을 전달했습니다. 해당 샘플은 GS 수술방으로 전달될 예정입니다.,샘플·데모,신규확인필요
청주 한국병원 큐어폼 Cureform 4x5cm A/S,2026/08/10,기존 병원,세종충북,청주 한국병원 (https://app.notion.com/p/ef784b1524834c199045e535d8e75bdd?pvs=21),신희용 과장,이재덕,영업시도,"큐어폼 Cureform 4x5cm (https://app.notion.com/p/Cureform-4x5cm-3b2fd9fcb8cd8151a122f6e3f4bc6c93?pvs=21), 큐어폼 Cureform 5x7cm (https://app.notion.com/p/Cureform-5x7cm-3b2fd9fcb8cd8110a56ec09acca769d1?pvs=21)",청주 한국병원 외과 신희용 과장과 면담을 진행했습니다. 신 과장은 큐어폼의 사용 편의성이 떨어진다는 피드백을 전달했습니다.,A/S·클레임,완료
청주 한국병원 트로카 제품설명,2026/08/10,기존 병원,세종충북,청주 한국병원 (https://app.notion.com/p/ef784b1524834c199045e535d8e75bdd?pvs=21),박정현 과장,이재덕,영업시도,,청주 한국병원 산부인과 박정현 과장에게 트로카 제품 도입을 제안했으나 사용이 어렵다는 피드백을 받았습니다. 외과 영역 또한 타사 제품의 높은 점유율로 인해 진입이 어려운 상황입니다.,제품설명·소개,신규확인필요
청주 한국병원 니들홀더 납품,2026/08/10,기존 병원,세종충북,청주 한국병원 (https://app.notion.com/p/ef784b1524834c199045e535d8e75bdd?pvs=21),,이재덕,영업시도,,청주 한국병원 수술실에 니들홀더를 납품하고 기존에 제공했던 데모 장비를 회수하였습니다.,납품·설치,신규확인필요
유엔비 외과의원 PENKO SURGI PAD 납품,2026/08/10,기존 병원,서울경기,유엔비 외과의원 (https://app.notion.com/p/3b2fd9fcb8cd8111940acecbbea315e5?pvs=21),,이은필,영업시도,PENKO SURGI PAD (https://app.notion.com/p/PENKO-SURGI-PAD-3b2fd9fcb8cd81bd88afd489c62ac823?pvs=21),"유엔비 외과의원에 제품을 납품하고 서지패드 샘플을 제공하였습니다. 다만 급여 제품에 대한 반응은 미온적이었으며 아프로코리아 데모를 진행했습니다.
다음: 제공된 서지패드 샘플에 대한 피드백 확인",납품·설치,완료
영동병원 신규 아이템 소개,2025/12/19,신규 병원,세종충북,영동병원 (https://app.notion.com/p/3b5fd9fcb8cd81e98c95d7098b5ce4e9?pvs=21),"관리팀 총무팀, 구매",이재덕,영업완료,,"트로카 디테일, 방문예약하라고 함.",,완료
옥천 성모병원 정보 수집,2025/12/19,기존 병원,세종충북,옥천성모병원 (https://app.notion.com/p/1d6490ab72a64fa7a1e874bed8d3ee80?pvs=21),"관리팀 구매과, 구매",이재덕,영업완료,,"드레싱키트 정보 수집, 이지큐본드(EzQbond) 디테일 설명.",,완료
옥천 서울연합os 정보 수집,2025/12/19,신규 병원,세종충북,옥천 서울연합정형외과 (https://app.notion.com/p/3b5fd9fcb8cd8195a101d9f271320fe0?pvs=21),"관리팀 사무장, 구매",이재덕,영업완료,,이지큐본드(EzQbond) 디테일 설명. 본드는 안 써봤음. 수처(Suture)환자 거의 없음.,,완료
보은 한양병원 신규 아이템 소개,2025/12/19,신규 병원,세종충북,보은한양병원 (https://app.notion.com/p/3b5fd9fcb8cd81b4b358df27f0e822d8?pvs=21),"관리팀 구매과, 구매",이재덕,영업완료,,수술실은 지연될 듯함. 내과과장 퇴사 예정인데 아직 못 구함. ER 과장은 1~2월쯤 온다고함.,,완료
청주 다나여성병원 샘플 제공,2025/12/19,신규 병원,세종충북,청주 다나여성병원 (https://app.notion.com/p/3b5fd9fcb8cd818f8320ecaeaf058d64?pvs=21),"관리팀 사무장, 구매",이재덕,영업완료,아티센셜 트로카 (https://app.notion.com/p/162337a43f8342289a19e28dd02b660f?pvs=21),"블레이드 트로카 샘플 제공. 리가슈어 외 디테일 설명. 
[제공 샘플] 트로카",,완료
오창 호수병원 신규 아이템 소개,2025/12/19,신규 병원,세종충북,오창호수병원 (https://app.notion.com/p/3b5fd9fcb8cd817aba85c5616a2e4edd?pvs=21),정형외과 원장,이재덕,영업완료,,오후 늦게 방문하면 가끔 면담가능하다 하여 방문해봄. 하이겐트(Hygent) 디테일 설명. 처음 본다고 하심. 반응은 나쁘지 않았음.,,완료
청주 방서미즈닥터 샘플 제공,2025/12/18,신규 병원,세종충북,청주 방서미즈닥터 (https://app.notion.com/p/3b5fd9fcb8cd814dbb17d4c90b92d185?pvs=21),산부인과 원장,이재덕,영업완료,,"폼드레싱 제공, 오 원장님 견적비교하고 있다고함.",,완료
청주 아산웰통증 신규 아이템 소개,2025/12/18,신규 병원,세종충북,청주 아산웰통증 (https://app.notion.com/p/3b5fd9fcb8cd8174a3dded25646ac64b?pvs=21),통증 원장,이재덕,영업완료,,기 제공 블록 키트 외 디테일 설명함. 지속방문예정,,완료
청주 마디사랑 정보 수집,2025/12/18,신규 병원,세종충북,청주 마디사랑 (https://app.notion.com/p/3b5fd9fcb8cd81d2b24befa99c778b55?pvs=21),"관리팀 구매과, 구매",이재덕,영업완료,이지큐 본드 N (EG-Q BOND N) (https://app.notion.com/p/N-EG-Q-BOND-N-3b2fd9fcb8cd81e6a475e02f7051135c?pvs=21),"하이겐트(Hygent) 가격으로인해 사용 어렵다 함. 이지큐본드(EzQbond) 디테일 
[제공 샘플] 이지큐본드(EzQbond) 외",,완료
청주 해피맘obgy 정보 수집,2025/12/18,신규 병원,세종충북,청주 해피맘산부인과 (https://app.notion.com/p/3b5fd9fcb8cd81949511cef53cb9b9df?pvs=21),"관리팀 사무장, 구매",이재덕,영업완료,,자이네콜라(Gynecola) 디테일 설명. 원장님께 말씀해본다고 하심.,,완료
제천 한기정obgy 정보 수집,2025/12/17,신규 병원,세종충북,제천 한기정산부인과 (https://app.notion.com/p/3b5fd9fcb8cd81dfb5bee4665f9333a4?pvs=21),산부인과 원장,이재덕,영업완료,,자이네콜라(Gynecola) 샘플 추가제공. 병원 전체견적 여쭤봤으나 아직이라고함. 지속방문 예정.,,완료
충주 건대 정보 수집,2025/12/17,기존 병원,세종충북,건국대학교 충주병원 (https://app.notion.com/p/3c4ee56de1d148f59f4b8f2c63de6f08?pvs=21),산부인과 교수,이재덕,영업완료,,현재 류기성교수만 남아있음. 정대영교수가 키맨이었으나 없음. 면담 안 됨.,,완료
충주 제통의원 신규 아이템 소개,2025/12/17,신규 병원,세종충북,충주 제통의원 (https://app.notion.com/p/3b5fd9fcb8cd810ca9c5e5259da5c75a?pvs=21),"관리팀 사무장, 구매",이재덕,영업완료,,소공포 디테일 설명. 여쭤본다고 함.,,완료
청주 닥터연여성의원 정보 수집,2025/12/17,신규 병원,세종충북,청주 닥터연여성의원 (https://app.notion.com/p/3b5fd9fcb8cd8181bd33df814e636f73?pvs=21),"산부인과 팀장님, 원장",이재덕,영업완료,,미즈닥터 선생님 소개로 방문하게됨. 같은방식으로 명세서 보내주기로함. 가다실은 취급안하냐고함. 수요가 많다고함. 원장님은 인사만 드림.,,완료
청주 서울든든한마취통증 신규 아이템 소개,2025/12/17,신규 병원,세종충북,청주 서울든든한마취통증 (https://app.notion.com/p/3b5fd9fcb8cd8160aed2c6d9b4966563?pvs=21),정형외과 원장,이재덕,영업완료,,면담 안 됨.,,완료
청주 하임브릿지os 정보 수집,2025/12/17,신규 병원,세종충북,청주 하임브릿지정형외과 (https://app.notion.com/p/3b5fd9fcb8cd81a7a092f92fc847e997?pvs=21),"관리팀 사무장, 구매",이재덕,영업완료,,소공포 외 블록 키트 디테일 설명함. 원장님 큰 관심 없다 하심.,,완료
청주 미앤유gs 정보 수집,2025/12/17,신규 병원,세종충북,청주 미앤유외과 (https://app.notion.com/p/3b5fd9fcb8cd8177a266c075c5dea93e?pvs=21),일반외과 원장,이재덕,영업완료,,금일 오후 휴진. 맘모톰을 한다고해서 방문했으나 환자는 많지 않은 듯함. 재방문 예정.,,완료
청주 cnc재활 정보 수집,2025/12/17,신규 병원,세종충북,청주 cnc재활 (https://app.notion.com/p/cnc-3b5fd9fcb8cd81e79c44cfcdad3b73af?pvs=21),재활 원장,이재덕,영업완료,,원장님 인사 드림.,,완료
진천 미래마취통증 정보 수집,2025/12/16,신규 병원,세종충북,미래산부인과 (https://app.notion.com/p/3b2fd9fcb8cd814c8c1df0966b7437b2?pvs=21),"관리팀 사무장, 구매",이재덕,영업완료,,기존발송 견적확인 및 팬코 카탈로그 제품 서베이 예정.,,완료
오창 호수병원 신규 아이템 소개,2025/12/16,신규 병원,세종충북,오창호수병원 (https://app.notion.com/p/3b5fd9fcb8cd817aba85c5616a2e4edd?pvs=21),"관리팀 수간호사, 구매",이재덕,영업완료,,하이겐트(Hygent) 디테일 설명. 원장님 수술스케줄로 못뵘.,,완료
오창 미즈obgy 정보 수집,2025/12/16,신규 병원,세종충북,오창 미즈산부인과 (https://app.notion.com/p/3b5fd9fcb8cd81ad8c06d266ccd490bf?pvs=21),"관리팀 사무장, 구매",이재덕,영업완료,,바이옵시 사용예정 없음. 듀얼튤립 디테일 설명.,,완료
오창 중앙병원 신규 아이템 소개,2025/12/16,신규 병원,세종충북,오창 중앙병원 (https://app.notion.com/p/3b5fd9fcb8cd817a8f99ec0703276ecd?pvs=21),"관리팀 구매팀, 구매",이재덕,영업완료,,하이겐트(Hygent) 디테일 설명. 수술 거의 없다고함.,,완료
청주 한국병원 샘플 제공,2025/12/16,기존 병원,세종충북,청주 한국병원 (https://app.notion.com/p/ef784b1524834c199045e535d8e75bdd?pvs=21),일반외과 과장,이재덕,영업완료,,미인드레이 니들홀더 데모전달. 타 과장님들과 의견 나누기로함.,,완료
청주 뿌리병원 정보 수집,2025/12/16,신규 병원,세종충북,청주 뿌리병원 (https://app.notion.com/p/3b5fd9fcb8cd81b185fac4f409ea671f?pvs=21),"관리팀 구매과, 구매",이재덕,영업완료,,하이겐트(Hygent) 타사 안들어왔음. 지속 디테일 예정.,,완료
청주 서로손병원 신규 아이템 소개,2025/12/16,신규 병원,세종충북,청주 서로손병원 (https://app.notion.com/p/3b5fd9fcb8cd816693d6ced582fb2448?pvs=21),Fm 원장,이재덕,영업완료,,"소공포, 소노젤 디테일 설명. 사용량 많치안음.",,완료
청주 방서미즈박터 정보 수집,2025/12/16,신규 병원,세종충북,청주 방서미즈닥터병원 (https://app.notion.com/p/3b5fd9fcb8cd8169a3adff9387873e44?pvs=21),산부인과 간호사,이재덕,영업완료,,이지브라는 아직 사용전. 마무통환자가 아직 없음. 밴드 외 기타 품목 상담. 타 병원 소개받음. 방문예정.,,완료
청주 쉬즈산부인과 신규 아이템 소개,2025/12/16,신규 병원,세종충북,청주 쉬즈산부인과 (https://app.notion.com/p/3b5fd9fcb8cd81af9548f368cff5d5d9?pvs=21),산부인과 원장,이재덕,영업완료,,면담 안 됨.,,완료
청주 하나병원 신규 아이템 소개,2025/12/15,기존 병원,세종충북,청주 하나병원 (https://app.notion.com/p/00b1783b8c6f4791ba486e1bed98675d?pvs=21),"관리팀 구매과, 구매",이재덕,영업완료,,"폴리킷 디테일, 전달하겠다고 이야기함.",,완료
청주 뿌리병원 신규 아이템 소개,2025/12/15,신규 병원,세종충북,청주 뿌리병원 (https://app.notion.com/p/3b5fd9fcb8cd81b185fac4f409ea671f?pvs=21),"관리팀 구매팀, 구매",이재덕,영업완료,,이지큐본드(EzQbond) 디테일 설명. 타제폼 사용중임. 다른아이템으로 지속 디테일 예정.,,완료
청주 한국병원 샘플 제공,2025/12/15,기존 병원,세종충북,청주 한국병원 (https://app.notion.com/p/ef784b1524834c199045e535d8e75bdd?pvs=21),일반외과 과장님,이재덕,영업완료,,니들홀더 전달하려했으나 수술들어가심. 내일 재방문예정임.,,완료
청주 마디사랑병원 정보 수집,2025/12/15,신규 병원,세종충북,청주 마디사랑병원 (https://app.notion.com/p/3b5fd9fcb8cd810f949dc3ed4d33b6b5?pvs=21),"관리팀 구매과, 구매",이재덕,영업완료,,하이겐트(Hygent) 진행상황 알아보려했으나 회의들어감. 통화못함. 재방문 예정.,,완료
청주 다나여성병원 샘플 제공,2025/12/15,신규 병원,세종충북,청주 다나여성병원 (https://app.notion.com/p/3b5fd9fcb8cd818f8320ecaeaf058d64?pvs=21),"관리팀 사무장, 구매",이재덕,영업완료,,마이드레이 트로카샘플제공. 기존 세종제품비교. 블레이드 10파이제품으로 샘플제공예정.,,완료
영동 영동병원 정보 수집,2025/12/15,신규 병원,세종충북,영동 영동병원 (https://app.notion.com/p/3b5fd9fcb8cd81419926c7f24a311975?pvs=21),"관리팀 구매과, 구매",이재덕,영업완료,,금일도 방문예약 통화하였으나 필요할때 연락주다고함. 방문드리겠다고 말함. 아이템을 소개하면 기존거래처 알아보고 확인하는거 같음. 이번주 중 인사는 드리러 갈 예정임.,,완료
청주 한국h 신규 아이템 소개,2025/12/12,기존 병원,세종충북,청주 한국병원 (https://app.notion.com/p/ef784b1524834c199045e535d8e75bdd?pvs=21),일반외과 과장,이재덕,영업완료,,마인드레이 니들홀더 데모하기로함.,,완료
청주 다나여성병원 신규 아이템 소개,2025/12/12,신규 병원,세종충북,청주 다나여성병원 (https://app.notion.com/p/3b5fd9fcb8cd818f8320ecaeaf058d64?pvs=21),"관리팀 사무장, 구매",이재덕,영업완료,,마인드레이 트로카외 견적요청,,완료
청주 21세기병원 신규 아이템 소개,2025/12/12,신규 병원,세종충북,청주21세기병원 (https://app.notion.com/p/21-3b5fd9fcb8cd811c956cd4c532c429a2?pvs=21),"관리팀 구매과, 구매",이재덕,영업완료,,블록 키트 디테일 설명함. 사용중이라고함.,,완료
보은 한양병원 신규 아이템 소개,2025/12/12,신규 병원,세종충북,보은한양병원 (https://app.notion.com/p/3b5fd9fcb8cd81b4b358df27f0e822d8?pvs=21),"관리팀 구매과, 구매",이재덕,영업완료,,폴리킷 디테일 설명. 내과 원장님 알아봐달라고함.,,완료
보은 우리os 신규 아이템 소개,2025/12/12,신규 병원,세종충북,보은우리정형외과 (https://app.notion.com/p/3b5fd9fcb8cd810d8a4dcd2405eb241f?pvs=21),정형외과 사무장,이재덕,영업완료,,"하이겐트(Hygent) 디테일, 수술은 거의안함.",,완료
제천 미래산부인과 정보 수집,2025/12/11,기존 병원,세종충북,미래산부인과 (https://app.notion.com/p/3b2fd9fcb8cd814c8c1df0966b7437b2?pvs=21),산부인과 원장,이재덕,영업완료,,포괄적인 이야기함. 잘 꼬셔봐야겠음.,,완료
한기정산부인과 정보 수집,2025/12/11,신규 병원,세종충북,한기정산부인과 (https://app.notion.com/p/3b5fd9fcb8cd81069e71df553a69b51f?pvs=21),산부인과 원장,이재덕,영업완료,,자이네콜라(Gynecola) 랜딩하려했으나 휴무일임.,,완료
제천 연세미즈산부인과 신규 아이템 소개,2025/12/11,신규 병원,세종충북,제천연세미즈산부인과 (https://app.notion.com/p/3b5fd9fcb8cd81319d23cc6f3fa1ae21?pvs=21),산부인과 원장,이재덕,영업완료,,수금관련 상담후 원장 보려했으나 외래밀려있다고 다음에 보기로함. 시섹 수술포 일회용사용중. 세종제품 디테일 예정.,,완료
제천 서울병원 신규 아이템 소개,2025/12/11,신규 병원,세종충북,제천 서울병원 (https://app.notion.com/p/3b5fd9fcb8cd81c2b3c4d97b0a2be4b0?pvs=21),"관리팀 구매팀, 구매",이재덕,영업완료,,현재 세종제품으로 다 사용중임. 수술포 블록 키트 등 들어와있음. 아이템 선정해서 자주 방문해야겠음.,,완료
제천 노정형외과 신규 아이템 소개,2025/12/11,신규 병원,세종충북,제천 노정형외과 (https://app.notion.com/p/3b5fd9fcb8cd81f5b72ef0d6f8bb3c35?pvs=21),정형외과 원장,이재덕,영업완료,,면담 안 됨.,,완료
충주 별산부인과 신규 아이템 소개,2025/12/11,신규 병원,세종충북,충주별산부인과 (https://app.notion.com/p/3b5fd9fcb8cd81c8898ad6579fc4d258?pvs=21),"관리팀 사무장, 구매",이재덕,영업완료,,향후 신규템으로 소개드리겠다고 말함.,,완료
충주 건국대 신규 아이템 소개,2025/12/11,기존 병원,세종충북,건국대학교 충주병원 (https://app.notion.com/p/3c4ee56de1d148f59f4b8f2c63de6f08?pvs=21),"관리팀 구매팀, 구매",이재덕,영업완료,,폴리킷 디테일 설명. 타사제품사용중이며 차장님 보고후 다시 이하기 해 보겠다고함. Obgy 정대영교수는 금일 진료였으나 세미나로인해 휴무중임.,,완료
괴산 서부병원 신규 아이템 소개,2025/12/11,신규 병원,세종충북,괴산 서부병원 (https://app.notion.com/p/3b5fd9fcb8cd811da3c8c8873d8a8398?pvs=21),"관리팀 총무팀, 구매",이재덕,영업완료,,응급킷 디테일하려했으나 담당자 부재중임. 병원규모는 작으나 지역 er운영중이라 종종 방문할 예정임.,,완료
청주 아산웰마취통증 샘플 제공,2025/12/10,신규 병원,세종충북,청주 아산웰마취통증 (https://app.notion.com/p/3b5fd9fcb8cd8128bec2e01f5465f0e7?pvs=21),"관리팀 사무장, 구매",이재덕,영업완료,,블록 키트 제공. 원장님께 전달후 연락준다고함.,,완료
청주 연합os 신규 아이템 소개,2025/12/10,신규 병원,세종충북,청주 연합정형외과 (https://app.notion.com/p/3b5fd9fcb8cd81f4b152e62923c80af2?pvs=21),정형외과 원장,이재덕,영업완료,,면담 안 됨. 사무장 부재중이라 재방문예정.,,완료
청주 연세uro 신규 아이템 소개,2025/12/10,신규 병원,세종충북,청주 연세비뇨의학과 (https://app.notion.com/p/3b5fd9fcb8cd81f6a124eb729d9b503c?pvs=21),비뇨의학과 원장,이재덕,영업완료,,면담 안 됨. 안 만나 준다고함.,,완료
청주 방서미즈닥터 샘플 제공,2025/12/10,신규 병원,세종충북,청주 방서미즈닥터 (https://app.notion.com/p/3b5fd9fcb8cd814dbb17d4c90b92d185?pvs=21),산부인과 원장,이재덕,영업완료,,"이지브라, 이지큐본드(EzQbond) 샘플제공. 오후 수술후 1주일 경과 샘플할예정 주문은 다음주 정도 가능할듯함.",,완료
청주 다나여성병원 정보 수집,2025/12/10,신규 병원,세종충북,청주 다나여성병원 (https://app.notion.com/p/3b5fd9fcb8cd818f8320ecaeaf058d64?pvs=21),"관리팀 사무장, 구매",이재덕,영업완료,,이오영원장님 별말없다고함. 안물어본듯. 원장 대기환자 많아 다음에 시간맞춰 방문예정.,,완료
청주 율량유항외과 신규 아이템 소개,2025/12/10,신규 병원,세종충북,청주 율량유항외과 (https://app.notion.com/p/3b5fd9fcb8cd811ba8f9eda6142fe406?pvs=21),일반외과 원장,이재덕,영업완료,,면담 안 됨.,,완료
청주 가경유항외과 정보 수집,2025/12/10,신규 병원,세종충북,청주 가경유항외과 (https://app.notion.com/p/3b5fd9fcb8cd81199de2c5fc92a6f37f?pvs=21),일반외과 원장,이재덕,영업완료,,율량 유항외과 원장님 만나게해달라고 말했음. 기회되면 말해준다고함. 수술은 안하고 검진 중심이라 도움을 많이못줄거 같다고함.,,완료
청주 하임브릿지os 신규 아이템 소개,2025/12/09,신규 병원,세종충북,청주 하임브릿지정형외과 (https://app.notion.com/p/3b5fd9fcb8cd81a7a092f92fc847e997?pvs=21),"관리팀 사무장, 구매",이재덕,영업완료,,블록 키트 디테일 설명. 사용계획은 현재 없음.,,완료
청주 프라우산부인과 정보 수집,2025/12/09,신규 병원,세종충북,청주 프라우산부인과 (https://app.notion.com/p/3b5fd9fcb8cd8188a2daf2930eb04eac?pvs=21),"관리팀 사무장, 구매",이재덕,영업완료,,바쁘다고해서 인사만하고 나옴.,,완료
청주 21세기병원 신규 아이템 소개,2025/12/09,신규 병원,세종충북,청주21세기병원 (https://app.notion.com/p/21-3b5fd9fcb8cd811c956cd4c532c429a2?pvs=21),"관리팀 구매과, 구매",이재덕,영업완료,,하이겐트(Hygent) 디테일 설명. 처음보는 제품이라고함. 지속방문예정.,,완료
청주 다나여성병원 정보 수집,2025/12/09,신규 병원,세종충북,청주 다나여성병원 (https://app.notion.com/p/3b5fd9fcb8cd818f8320ecaeaf058d64?pvs=21),산부인과 원장,이재덕,영업완료,,이오영원장 보려했으나 휴진임. 재방문 예정.,,완료
청주 성모병원 uro 정보 수집,2025/12/09,기존 병원,세종충북,청주성모병원 (https://app.notion.com/p/ed182db368ac4f5f8de44f30f7d610ad?pvs=21),비뇨의학과 김동욱과장,이재덕,영업완료,,시스토 정보 수집함.,,완료
청주 미즈여성의원 샘플 제공,2025/12/09,신규 병원,세종충북,청주 미즈여성의원 (https://app.notion.com/p/3b5fd9fcb8cd8153bd4fce95f52f2f72?pvs=21),산부인과 원장,이재덕,영업완료,,"이지큐본드(EzQbond) 샘플제공. 자이네콜라(Gynecola) 랜딩. 
[제공 샘플] 이지큐본드(EzQbond)",,완료
청주 하나병원 신규 아이템 소개,2025/12/08,기존 병원,세종충북,청주 하나병원 (https://app.notion.com/p/00b1783b8c6f4791ba486e1bed98675d?pvs=21),"관리팀 구매팀, 구매",이재덕,영업완료,,캘리킷소개함. 소공포외 디테일 하였으나 큰 반응은 없음.,,완료
뿌리병원 신규 아이템 소개,2025/12/08,신규 병원,세종충북,뿌리병원 (https://app.notion.com/p/3b5fd9fcb8cd81f39984c99b28445d1b?pvs=21),"관리팀 구매팀, 구매",이재덕,영업완료,,캘리킷 소개함. 하이겐트(Hygent)는 아직 사용여부 알수없음.,,완료
청주 마디사랑병원 정보 수집,2025/12/08,신규 병원,세종충북,청주 마디사랑병원 (https://app.notion.com/p/3b5fd9fcb8cd810f949dc3ed4d33b6b5?pvs=21),"관리팀 구매과, 구매",이재덕,영업완료,,하이겐트(Hygent) 샘플 사요여부 타진함. 가격이슈가 큰 걸림돌 같음.,,완료
청주 서울웰마통증 정보 수집,2025/12/08,신규 병원,세종충북,청주 서울웰마통증 (https://app.notion.com/p/3b5fd9fcb8cd81f491b6f88bf9729176?pvs=21),"관리팀 사무장, 구매",이재덕,영업완료,,소공포 사용여부 미지수. 캘리킷 소개함. 한박스 받은게 있는데 사용안한다고 함. 이번에도 폐기물 예기함.,,완료
청주 미즈맘산부인과 정보 수집,2025/12/08,기존 병원,서산당진,미즈맘산부인과의원 (https://app.notion.com/p/3b2fd9fcb8cd81eda344f77d3111bddb?pvs=21),"관리팀 사무장, 구매",이재덕,영업완료,,주원장 뵈려했으나 못뵘. 바이옵시는 이야기 없음.,,완료
청주 새빛병원 신규 아이템 소개,2025/12/08,신규 병원,세종충북,청주 새빛병원 (https://app.notion.com/p/3b5fd9fcb8cd81c9a9eccac19e3a6eaa?pvs=21),"관리팀 서무장, 구매",이재덕,영업완료,,기다리다 나가는 사무장 만남. 복강경 제품 소개하였음. 타업체 있으니 필요하면 연락주겠다고함.,,완료
영동병원 신규 아이템 소개,2025/12/05,신규 병원,세종충북,영동병원 (https://app.notion.com/p/3b5fd9fcb8cd81e98c95d7098b5ce4e9?pvs=21),"관리팀 관리과, 구매",이재덕,영업완료,,"하이겐트(Hygent) 사용중. 마인드레이, 요시 제품 소개. 지속방문.",,완료
옥천성모병원 정보 수집,2025/12/05,기존 병원,세종충북,옥천성모병원 (https://app.notion.com/p/1d6490ab72a64fa7a1e874bed8d3ee80?pvs=21),"관리팀 구매과, 구매",이재덕,영업완료,,"드레싱킷 실물보고 사진찍음. 복강경 납품처 중앙한스메디컬, 탑ms 정보파악.",,완료
대전 새손병원 신규 아이템 소개,2025/12/05,신규 병원,대전논산,대전 새손병원 (https://app.notion.com/p/3b5fd9fcb8cd81d890a1c6f053ad41f7?pvs=21),"관리팀 관리과, 구매",이재덕,영업완료,,소공포는 일단 보류. 하이겐트(Hygent) 문헌자료 드림. 메인 원장님 뵈야하나 잘 안보신다고함.,,완료
보은 한양병원 신규 아이템 소개,2025/12/05,신규 병원,세종충북,보은한양병원 (https://app.notion.com/p/3b5fd9fcb8cd81b4b358df27f0e822d8?pvs=21),"관리팀 구매과, 구매",이재덕,영업완료,,전납 영신메디컬. 폼드레싱 레노폼 힐a외 사용중. 1월경 수술방 및 er 셋팅 될듯하다고 함. 행정원장님께 내년 초에 아사 보고 후 포괄적인 견적 받아보겠다고함.,,완료
방서 미즈닥터병원 견적 상담,2025/12/05,신규 병원,세종충북,방서 미즈닥터병원 (https://app.notion.com/p/3b5fd9fcb8cd81d4b50deb8dbbbb2b3d?pvs=21),산부인과 원장,이재덕,영업완료,,기존업체와 비교 후 연락주시겠다고함.,,완료
음성 서울신os 정보 수집,2025/12/04,신규 병원,세종충북,음성 서울신정형외과 (https://app.notion.com/p/3b5fd9fcb8cd81559116fb6da81ed452?pvs=21),정형외과 원장,이재덕,영업완료,,소공포는 아직 생각없음. 폼드레싱 디테일 설명.,,완료
진천 미래통증 견적 상담,2025/12/04,신규 병원,세종충북,미래산부인과 (https://app.notion.com/p/3b2fd9fcb8cd814c8c1df0966b7437b2?pvs=21),"관리팀 사무장, 구매",이재덕,영업완료,,스타킹 견적의뢰받음. 스프린터와 같이 견적.,,완료
진천 서울준통증 신규 아이템 소개,2025/12/04,신규 병원,세종충북,진천 서울준통증 (https://app.notion.com/p/3b5fd9fcb8cd81efbedfe9f89f130803?pvs=21),"관리팀 사무장, 구매",이재덕,영업완료,,소공포 디테일 설명. 비급여는 사용하기 어렵다고함.,,완료
진천 중앙제일병원 정보 수집,2025/12/04,신규 병원,세종충북,진천 중앙제일병원 (https://app.notion.com/p/3b5fd9fcb8cd81ffb993e4f28cb46c4a?pvs=21),"관리팀 구매과, 구매",이재덕,영업완료,,응급봉합킷 디테일 설명. Er에 문의해보겠다고함.,,완료
진천 바른os 정보 수집,2025/12/04,신규 병원,세종충북,진천 바른정형외과 (https://app.notion.com/p/3b5fd9fcb8cd8107a7b1d3d3ee1cdb0f?pvs=21),정형외과 사무장,이재덕,영업완료,,레노폼 디테일 설명.,,완료
오창 미즈obgy 정보 수집,2025/12/04,신규 병원,세종충북,오창 미즈산부인과 (https://app.notion.com/p/3b5fd9fcb8cd81ad8c06d266ccd490bf?pvs=21),산부인과 사무장,이재덕,영업완료,,자이네콜라(Gynecola)외 지혈재 디테일 설명. 거래처 있어 바꾸긴 어렵다고 말함. 원장님을 봐야겠음.,,완료
오창 호수병원 신규 아이템 소개,2025/12/04,신규 병원,세종충북,오창호수병원 (https://app.notion.com/p/3b5fd9fcb8cd817aba85c5616a2e4edd?pvs=21),정형외과 원장,이재덕,영업완료,,원장님 면담 안 됨. 한가한 시간에 방문해야겠음.,,완료
오창 한일os 신규 아이템 소개,2025/12/04,신규 병원,세종충북,오창 한일정형외과 (https://app.notion.com/p/3b5fd9fcb8cd817b9df3e61b70356143?pvs=21),정형외과 원장,이재덕,영업완료,,원장 면담 안 됨. 안만나 주신다고함. 재방문 예정.,,완료
청주 미즈닥터여성의원 견적 상담,2025/12/03,신규 병원,세종충북,청주 미즈닥터여성의원 (https://app.notion.com/p/3b5fd9fcb8cd819bb9aef1791ef82140?pvs=21),산부인과 원장,이재덕,영업완료,,듀얼튤립은 재고소진후 발주 진행하기로 함. 박종호원장님은 마모톰 등 수술쪽 담당하심. 면담후 이지큐본드(EzQbond) 외 견적 진행함. 잘될수 있도록 지속방문 예정.,,완료
청주 마디사랑병원 정보 수집,2025/12/03,신규 병원,세종충북,청주 마디사랑병원 (https://app.notion.com/p/3b5fd9fcb8cd810f949dc3ed4d33b6b5?pvs=21),"관리팀 논문자료 제출함. 콜라겐과 히알우론산 직접비교된거 있으면 더 찾아본다고 말함. 지속방문 예정., 구매",이재덕,영업완료,,,,완료
청주 서로손병원 견적 상담,2025/12/03,신규 병원,세종충북,청주 서로손병원 (https://app.notion.com/p/3b5fd9fcb8cd816693d6ced582fb2448?pvs=21),재활 원장,이재덕,영업완료,,"병원내 의료소모품 상담. 아직 결정못함. 내년 이전예정이며, 타병원과 통합 관리할 가능성 있다고함.",,완료
청주 다나여성병원 정보 수집,2025/12/03,신규 병원,세종충북,청주 다나여성병원 (https://app.notion.com/p/3b5fd9fcb8cd818f8320ecaeaf058d64?pvs=21),산부인과 사무장님 인사드림. 별다른 이야기는 없었음. 타 아이템으로 디테일 예정.,이재덕,영업완료,,,,완료
하안유 니들홀더데모,2025/12/03,기존 병원,세종충북,하안유산부인과 (https://app.notion.com/p/3b2fd9fcb8cd8100aa5fc71251e36c0b?pvs=21),산부인과 안수영실장,이은필,영업완료,,"[다음 방문 예정일] 2025/12/08
[제공 샘플] 니들홀더 2개",,완료
평택21세기 병원 신규 아이템 소개,2025/12/03,신규 병원,평택,평택21세기 병원 (https://app.notion.com/p/21-3b5fd9fcb8cd815caea0cb083f8974f8?pvs=21),"정영조대표원장, 정형외과 총무과",최진웅,영업완료,,"원장님들 약속안하면 못만나게함,원장님께 자료드리라고 전달및 구매과에도 자료전달및 설명",,완료
청주 성모마취통증 신규 아이템 소개,2025/12/03,기존 병원,세종충북,청주성모병원 (https://app.notion.com/p/ed182db368ac4f5f8de44f30f7d610ad?pvs=21),"관리팀 사무장, 구매",이재덕,영업완료,,면담 연기됨. 재방문 예정,,완료
청주 율량유항외과 신규 아이템 소개,2025/12/03,신규 병원,세종충북,청주 율량유항외과 (https://app.notion.com/p/3b5fd9fcb8cd811ba8f9eda6142fe406?pvs=21),일반외과 원장,이재덕,영업완료,,가경유항외과 소개로 왔다고 해서 만남. 소공포 외 디테일 설명.,,완료
청주 미즈닥터여성의원 샘플 제공,2025/12/02,신규 병원,세종충북,청주 미즈닥터여성의원 (https://app.notion.com/p/3b5fd9fcb8cd819bb9aef1791ef82140?pvs=21),산부인과 원장,이재덕,영업완료,,바이옵시 디테일예정. 진료끝나고 면담가능하다함. 오후에 뵐예정,,완료
청주 프라우 정보 수집,2025/12/02,신규 병원,세종충북,청주 프라우 (https://app.notion.com/p/3b5fd9fcb8cd81cf8916f66620e836a1?pvs=21),산부인과 사무장,이재덕,영업완료,,하원장님 만나예기등등함. Dvt 써달라고 말함.,,완료
다나은신통의원 신규 아이템 소개,2025/12/02,신규 병원,세종충북,다나은신통의원 (https://app.notion.com/p/3b5fd9fcb8cd819393d6e8912ac4e39d?pvs=21),통증 원장,이재덕,영업완료,,면담 안 됨.,,완료
하임브릿지os 샘플 제공,2025/12/02,신규 병원,세종충북,하임브릿지정형외과 (https://app.notion.com/p/3b5fd9fcb8cd8134aa64c1051896a128?pvs=21),정형외과 사무장,이재덕,영업완료,,면담 됨. 소공포 디테일 설명. 긍정적인 반응.,,완료
청주 아산웰통증 샘플 제공,2025/12/02,신규 병원,세종충북,청주 아산웰통증 (https://app.notion.com/p/3b5fd9fcb8cd8174a3dded25646ac64b?pvs=21),통증 사무장,이재덕,영업완료,,소공포 샘플 제공. 원장님께 말씀드린다고함. 초음파 설지했던곳이라 개원초기에 원장님 뵙긴했음.,,완료
뿌리병원 신규 아이템 소개,2025/12/02,신규 병원,세종충북,뿌리병원 (https://app.notion.com/p/3b5fd9fcb8cd81f39984c99b28445d1b?pvs=21),"관리팀 구매과, 구매",이재덕,영업완료,,이지큐본드(EzQbond) 디테일 설명. 별반응은 없음.,,완료
청주 마디사랑 신규 아이템 소개,2025/12/02,신규 병원,세종충북,청주 마디사랑 (https://app.notion.com/p/3b5fd9fcb8cd81d2b24befa99c778b55?pvs=21),"관리팀 구매팀, 구매",이재덕,영업완료,,하이겐트(Hygent) 견적요청. 현재 신풍 콜라템프사용중.,,완료
평택 박애병원 신규 아이템 소개,2025/12/02,기존 병원,평택,박애병원 (https://app.notion.com/p/e06d77b2e9534a4fab205105807113b4?pvs=21),정형외과 신경외과,최진웅,영업완료,,"하이겐트(Hygent)설명
[비고] 다른원장들 미팅소용이없음",,완료
을지대학병원 납품,2025/12/01,기존 병원,대전논산,을지대학교 병원 (https://app.notion.com/p/9410ff63a08442dbaa5ab674377d60d7?pvs=21),산부인과 원장,이재덕,영업완료,,"하중규원장 면담, 아사제품 알고있음, 바비안 바이폴라 제품 소개예정. 타사 제품 너무 많은데 바비안제품은 별로 없는듯함.",,완료
대전 보훈병원 샘플 제공,2025/12/01,신규 병원,대전논산,대전보훈병원 (https://app.notion.com/p/3b5fd9fcb8cd8118b66dc084c526ed37?pvs=21),"관리팀 구매팀, 구매",이재덕,영업완료,,기존 소공포는 수술방에 샘플줬다고함. 응급킷 샘플제공. Er에 사용여부 타진해달라 부탁함.,,완료
청주 하나병원 신규 아이템 소개,2025/12/01,기존 병원,세종충북,청주 하나병원 (https://app.notion.com/p/00b1783b8c6f4791ba486e1bed98675d?pvs=21),"Obgy, gs, uro 과장",이재덕,영업완료,,"면담안 됨, 원인파악해보겠음.",,완료
서울웰마취통증 샘플 제공,2025/12/01,신규 병원,세종충북,서울웰마취통증 (https://app.notion.com/p/3b5fd9fcb8cd817bb008c9dded04ff4b?pvs=21),통증 김진홍 사무장,이재덕,영업완료,,소공포 샘플제공.,,완료
청주 두리ent 신규 아이템 소개,2025/12/01,신규 병원,세종충북,청주 두리이비인후과 (https://app.notion.com/p/3b5fd9fcb8cd812489d5dfc98a4d4508?pvs=21),Ent 원장,이재덕,영업완료,,면담안 됨.,,완료
옥천상모병원 견적 상담,2025/11/28,신규 병원,세종충북,옥천상모병원 (https://app.notion.com/p/3b5fd9fcb8cd81b7b291dde504139337?pvs=21),"관리팀 구매과, 구매",이재덕,영업완료,,드레싱키트 샘플제공. 구성등 판단해서 연락준다고 함.,,완료
옥천 성모병원 신규 아이템 소개,2025/11/28,기존 병원,세종충북,옥천성모병원 (https://app.notion.com/p/1d6490ab72a64fa7a1e874bed8d3ee80?pvs=21),정형외과 이병기과장,이재덕,영업완료,,인사 드림. 지속방문예정.,,완료
보은 한양병원 정보 수집,2025/11/28,신규 병원,세종충북,보은한양병원 (https://app.notion.com/p/3b5fd9fcb8cd81b4b358df27f0e822d8?pvs=21),"관리팀 구매과, 구매",이재덕,영업완료,,스카노스는 간호사들 테스드중. 애드고 제품 디테일 설명. 1월 수술실 오픈예정이며 os 과장이 er까지 커버한다고 함. 전체견적서 제출할수 있도록 노력하겠음.,,완료
청주 유항외과 견적 상담,2025/11/28,신규 병원,세종충북,청주 유항외과 (https://app.notion.com/p/3b5fd9fcb8cd8129998ce54df99d6184?pvs=21),일반외과 원장,이재덕,영업완료,,원내 소모품 견적서 교체 요청드림. 여러업체 사용중. 소모품 관리 간호사 휴가중. 다음주 중 명서서 열람하기로함.,,완료
청주 해피맘산부인과 정보 수집,2025/11/28,신규 병원,세종충북,청주 해피맘산부인과 (https://app.notion.com/p/3b5fd9fcb8cd81949511cef53cb9b9df?pvs=21),"관리팀 사무장, 구매",이재덕,영업완료,,바이옵시는 아직 말이없으심. 전납회사 없다함. 소모품 견적드린다고 함. 아직은 미온적임.,,완료
청주 미즈맘산부인과 견적 상담,2025/11/28,기존 병원,서산당진,미즈맘산부인과의원 (https://app.notion.com/p/3b2fd9fcb8cd81eda344f77d3111bddb?pvs=21),"사무장, 산부인과 원장",이재덕,영업완료,,바이옵시 아직 결정못함. 의료소모품은 원장님 지인이 납품하고 있다고함.,,완료
청주 플러스uro 신규 아이템 소개,2025/11/28,신규 병원,세종충북,청주 플러스비뇨의학과 (https://app.notion.com/p/3b5fd9fcb8cd8164a318c883aff072bc?pvs=21),비뇨의학과 원장,이재덕,영업완료,,면담 안 됨.,,완료
천안본정형외과 신규 아이템 소개,2025/11/28,신규 병원,천안아산,천안본정형외과 (https://app.notion.com/p/3b5fd9fcb8cd81a39b1dd908827f5233?pvs=21),정형외과 원무과장?,최진웅,영업완료,,담당자없다고 전해주신다고 카다로그 받아가심,,완료
모태안여성병원 듀마자궁거상기,2025/11/27,기존 병원,세종충북,모태안여성병원 (https://app.notion.com/p/3b2fd9fcb8cd8155911ec5bd84013f09?pvs=21),산부인과 이상훈팀장,이은필,영업완료,,설명하고 무영등 램프 두개만 발주,,완료
논산백제 신규 아이템 소개,2025/11/27,기존 병원,대전논산,(의)백제병원 (https://app.notion.com/p/3b2fd9fcb8cd814791d5db8c3040d3ba?pvs=21),"관리팀 구매과, 구매, 수술실",최진웅,영업완료,,"[비고] 병원에서 요청한거처럼 얘기했음 구매과대장이알아본다고함
[제공 샘플] 수술포, 공포1 ,수처키트 일반1개",,완료
백제종합병원 신규 아이템 소개,2025/11/27,기존 병원,대전논산,백제종합병원 (https://app.notion.com/p/24843013ded94b9f9010c3329bdcdcf6?pvs=21),정형외과 유승만부장,최진웅,영업완료,,알겠다고함,,완료
충북대학교 비뇨기과 정보 수집,2025/11/26,기존 병원,세종충북,충북대학교병원 (https://app.notion.com/p/ba520b40010143dfae0d3ff058b73012?pvs=21),비뇨의학과 Pa,이재덕,영업완료,,김경교수가 키맨임. 목요일 사무실에서 정리후 디테일할 아이템 선정하겠다고 말해줌. 교수 스케줄 맞춰 방문예정.,,완료
청주 해피맘산부인과 정보 수집,2025/11/26,신규 병원,세종충북,청주 해피맘산부인과 (https://app.notion.com/p/3b5fd9fcb8cd81949511cef53cb9b9df?pvs=21),"관리팀 원무과, 구매",이재덕,영업완료,,바이옵시 디테일 설명. 원장님 아직 결정못함.,,완료
청주 미래여성산부인과 정보 수집,2025/11/26,신규 병원,세종충북,미래산부인과 (https://app.notion.com/p/3b2fd9fcb8cd814c8c1df0966b7437b2?pvs=21),산부인과 원무과,이재덕,영업완료,,원장님 수있다하셔서 면담 안 됨. 아직 사용하시겠다는 말 없음.,,완료
청주 하나병원 신규 아이템 소개,2025/11/26,기존 병원,세종충북,청주 하나병원 (https://app.notion.com/p/00b1783b8c6f4791ba486e1bed98675d?pvs=21),"관리팀 최대현 주임, 구매",이재덕,영업완료,,응급봉합키트 설명함. 비급여라 꺼리는 반응없음. 타사 디테일 없는듯함.,,완료
청주 한국병원 정보 수집,2025/11/26,기존 병원,세종충북,청주 한국병원 (https://app.notion.com/p/ef784b1524834c199045e535d8e75bdd?pvs=21),일반외과 신희용 과장,이재덕,영업완료,,수술들어가셔서 기다려서 뵘. 과장님과 예전 스토리가 있었음. 인사드리고 아사 판매제품 말씀드리니 알고계심. 복강경 관련 제품 디테일 예정.,,완료
청주 프라우삼성 정보 수집,2025/11/26,신규 병원,세종충북,청주 프라우삼성 (https://app.notion.com/p/3b5fd9fcb8cd8132828becbf78cf6b07?pvs=21),산부인과 사무장,이재덕,영업완료,,기존거래처 사장과 사이가 돈독하다함. 원장님이 안만나줄 가능성이 높다고 함.,,완료
청주 삼성의원 신규 아이템 소개,2025/11/26,신규 병원,세종충북,청주 삼성의원 (https://app.notion.com/p/3b5fd9fcb8cd8129bba9d352b5336277?pvs=21),Fm 원장,이재덕,영업완료,,응급봉함키트 디테일 설명함. 시골이라 봉합건수가 있긴함. 한국병원 과장들과 유대가 있음. 정보 수집차원에서 뵈야함.,,완료
재천 미래여성산부인과 견적 상담,2025/11/25,기존 병원,세종충북,미래산부인과 (https://app.notion.com/p/3b2fd9fcb8cd814c8c1df0966b7437b2?pvs=21),산부인과 원장,이재덕,영업완료,,"방광경 디테일, 딱 맞지는 않으나 고려해보겠음. 의료소모품도 검토중.",,완료
한기정산부인과 정보 수집,2025/11/25,신규 병원,세종충북,한기정산부인과 (https://app.notion.com/p/3b5fd9fcb8cd81069e71df553a69b51f?pvs=21),산부인과 원장,이재덕,영업완료,,진선메디칼에서 납품함. 원장님 휴가 예정. 대기환자 많아서 자세히는 못물어봄. 다음주 상담하겠음.,,완료
제천연세미즈산부인과 정보 수집,2025/11/25,신규 병원,세종충북,제천연세미즈산부인과 (https://app.notion.com/p/3b5fd9fcb8cd81319d23cc6f3fa1ae21?pvs=21),"간호사, 산부인과 원장",이재덕,영업완료,,장유정씨 휴가라 타사 거래명세서 및 기타 정보 못얻음. 원장님께 다시 말씀드리긴 하였음.,,완료
제천 모아산부인과 신규 아이템 소개,2025/11/25,신규 병원,세종충북,제천 모아산부인과 (https://app.notion.com/p/3b5fd9fcb8cd81b39695edc2ada92a62?pvs=21),산부인과 원장,이재덕,영업완료,,면담 안 됨. 차주 재방문예정.,,완료
충주 건국대병원 정보 수집,2025/11/25,기존 병원,세종충북,건국대학교 충주병원 (https://app.notion.com/p/3c4ee56de1d148f59f4b8f2c63de6f08?pvs=21),"관리팀 구매팀, 구매",이재덕,영업완료,,응급키트는 er에 샘플 넘겼다고 함. 병동 c line 킷 디테일 함.,,완료
충주 건국대병원 산부인과 신규 아이템 소개,2025/11/25,기존 병원,세종충북,건국대학교 충주병원 (https://app.notion.com/p/3c4ee56de1d148f59f4b8f2c63de6f08?pvs=21),산부인과 교수,이재덕,영업완료,,"류기성교수는 면담 안되다고함. 정대영교수를 만나야함. 수요일, 목요일 오후 시간대 맞춰 방문예정.",,완료
충주 샘여성산부인과 신규 아이템 소개,2025/11/25,신규 병원,세종충북,충주 샘여성산부인과 (https://app.notion.com/p/3b5fd9fcb8cd811182a1deb1a81048ff?pvs=21),산부인과 원장,이재덕,영업완료,,면담 안 됨.,,완료
오송 베스티안병원 신규 아이템 소개,2025/11/24,기존 병원,세종충북,베스티안병원 (https://app.notion.com/p/6ea8b5b9b63a4e1a8fc136063684bb9a?pvs=21),"관리팀 물류팀 김성모팀장, 구매",이재덕,영업완료,,"응급봉합킷 디테일, 내부적으로 비싸다고 결론났다고함. 타 제품 디테일 예정.",,완료
옥천 성모병원 견적 상담,2025/11/24,기존 병원,세종충북,옥천성모병원 (https://app.notion.com/p/1d6490ab72a64fa7a1e874bed8d3ee80?pvs=21),"관리팀 구매과, 구매",이재덕,영업완료,,응급키트 사용못함. 세종에서 커스텀 제안했었음. 드레싱키트 견적문의함. 대송으로 간납해야됨.,,완료
옥천 이산부인과 정보 수집,2025/11/24,신규 병원,세종충북,옥천 이산부인과 (https://app.notion.com/p/3b5fd9fcb8cd81efbbd3e2a724d6455f?pvs=21),산부인과 간호사,이재덕,영업완료,,바이옵시 디테일하였으나 원장님 답변없음. 다음에 재방문.,,완료
옥천 서울os 정보 수집,2025/11/24,신규 병원,세종충북,옥천 서울정형외과 (https://app.notion.com/p/3b5fd9fcb8cd81d096c2f72aaa4f0eba?pvs=21),"관리팀 사무장, 구매",이재덕,영업완료,,소공포 사용해봤으며 좋다고함. 원장님 사용보류. 환자부담금으로 망설인다고함.,,완료
옥천 삼성gs 신규 아이템 소개,2025/11/24,신규 병원,세종충북,옥천삼성외과 (https://app.notion.com/p/3b5fd9fcb8cd81259020f85dd78480b4?pvs=21),일반외과 원장,이재덕,영업완료,,면담 거절됨.,,완료
보은 우리os 신규 아이템 소개,2025/11/24,신규 병원,세종충북,보은우리정형외과 (https://app.notion.com/p/3b5fd9fcb8cd810d8a4dcd2405eb241f?pvs=21),정형외과 사무장,이재덕,영업완료,,[비고] 소공포 디테일 설명함. 아직 사용계획 없음.,,완료
보은 한양병원 샘플 제공,2025/11/24,신규 병원,세종충북,보은한양병원 (https://app.notion.com/p/3b5fd9fcb8cd81b4b358df27f0e822d8?pvs=21),"관리팀 구매팀, 구매",이재덕,영업완료,,스카노스겔 샘플제공함. 상대적으로 저렴한 가격대 강조함.,,완료
보은 서울gs 신규 아이템 소개,2025/11/24,신규 병원,세종충북,보은 서울외과 (https://app.notion.com/p/3b5fd9fcb8cd818da589d1543bcc0e77?pvs=21),일반외과 원장,이재덕,영업완료,,면담 안 됨,,완료
충북대 납품,2025/11/24,기존 병원,세종충북,충북대학교병원 (https://app.notion.com/p/ba520b40010143dfae0d3ff058b73012?pvs=21),산부인과 부인과방장,이은필,영업완료,,"담당자변경됨
[비고] 핸드피스 기존제품 및 신규제품 다 테스트 실시 이상없음",,완료
천안 본정형외과병원 신규 아이템 소개,2025/11/24,신규 병원,천안아산,천안 본정형외과병원 (https://app.notion.com/p/3b5fd9fcb8cd810dab96d245c336631e?pvs=21),정형외과 원무과장,최진웅,영업완료,,담당자없어서 전달해주신다고함,,완료
청주 해피맘obgy 정보 수집,2025/11/21,신규 병원,세종충북,청주 해피맘산부인과 (https://app.notion.com/p/3b5fd9fcb8cd81949511cef53cb9b9df?pvs=21),"관리팀 사무장, 구매",이재덕,영업완료,,사무장이 원장 동생이었음. 바이옵시 사용은 극히 드물다고 함. 듀얼튤립 디테일 설명.,,완료
청주 미래여성obgy 정보 수집,2025/11/21,신규 병원,세종충북,미래산부인과 (https://app.notion.com/p/3b2fd9fcb8cd814c8c1df0966b7437b2?pvs=21),"관리팀 사무장, 구매",이재덕,영업완료,,원장님 아직 말씀없다고 함. 재방문 예정.,,완료
충북대학교 정보 수집,2025/11/21,기존 병원,세종충북,충북대학교병원 (https://app.notion.com/p/ba520b40010143dfae0d3ff058b73012?pvs=21),비뇨의학과 Pa 간호사,이재덕,영업완료,,방광경 내용 보고했음. 하이겐트(Hygent) 외 브로셔 제공함. 외래에서 쓸만한 제품 선택해서 재방문 예정.,,완료
효성병원 신규 아이템 소개,2025/11/21,기존 병원,세종충북,청주효성병원 (https://app.notion.com/p/4ed256ac06214acc9c65ebb903123c3c?pvs=21),"관리팀 총무과, 구매",이재덕,영업완료,,"응급킷, c line 킷 과장님들께 설명해보겠다고함.",,완료
청주21세기 병원 신규 아이템 소개,2025/11/21,신규 병원,세종충북,청주21세기병원 (https://app.notion.com/p/21-3b5fd9fcb8cd811c956cd4c532c429a2?pvs=21),"관리팀 소공포 기존디테일 하였으나 미온적임. 하이겐트 디테일 예정., 구매",이재덕,영업완료,,,,완료
서로손병원 신규 아이템 소개,2025/11/21,신규 병원,세종충북,서로손병원 (https://app.notion.com/p/3b5fd9fcb8cd810e8a71d530d2c270ec?pvs=21),Fm 원장,이재덕,영업완료,,[비고] 병원 소모품 구매설득함. 아직은 미온적임. 지속방문예정.,,완료
다나여성병원 정보 수집,2025/11/21,신규 병원,세종충북,다나여성병원 (https://app.notion.com/p/3b5fd9fcb8cd8151a796f3cdc8a9a1c3?pvs=21),"관리팀 사무장, 구매",이재덕,영업완료,,바이옵시 자이네콜라(Gynecola) 원장님 별도지시없음. 여쭤봐 준다고 함.,,완료
천안 21세기 병원 신규 아이템 소개,2025/11/21,신규 병원,천안아산,천안 21세기 병원 (https://app.notion.com/p/21-3b5fd9fcb8cd8102b200fd8c3969db67?pvs=21),정형외과 원무과장,최진웅,영업완료,,회의때 올려보겠다고함,,완료
천안 나은필병원 신규 아이템 소개,2025/11/21,신규 병원,천안아산,천안 나은필병원 (https://app.notion.com/p/3b5fd9fcb8cd813e9fe8dc65f03f4c00?pvs=21),정형외과 대표원장님,최진웅,영업완료,,"원장님 너무피곤하다하여 다음주 금요일 방문요청 
[다음 방문 예정일] 2025/11/28",,완료
보은 한양병원 견적 상담,2025/11/20,신규 병원,세종충북,보은한양병원 (https://app.notion.com/p/3b5fd9fcb8cd81b4b358df27f0e822d8?pvs=21),"관리팀 구매과, 구매",이재덕,영업완료,,응급키트 발주받음. 추가제품 랜딩 상담.,,완료
보은 우리os 신규 아이템 소개,2025/11/20,신규 병원,세종충북,보은우리정형외과 (https://app.notion.com/p/3b5fd9fcb8cd810d8a4dcd2405eb241f?pvs=21),정형외과 사무장,이재덕,영업완료,,소공포 디테일 설명. 원장님 부정적임.,,완료
보은 마음편한병원 신규 아이템 소개,2025/11/20,신규 병원,세종충북,보은 마음편한병원 (https://app.notion.com/p/3b5fd9fcb8cd81dcbc72c857a27ed6c7?pvs=21),"원장, 정신과 원무과",이재덕,영업완료,,"지인소개로 원장님 면담, 의료소모품 말씀드림.",,완료
청주 프라우산부인과 신규 아이템 소개,2025/11/20,신규 병원,세종충북,청주 프라우산부인과 (https://app.notion.com/p/3b5fd9fcb8cd8188a2daf2930eb04eac?pvs=21),산부인과 사무장,이재덕,영업완료,,"Dvt 디테일 설명함, 병원 문제로 원장 심기가 별로라고함. 지속방문예정.",,완료
청주 성모병원 신규 아이템 소개,2025/11/20,기존 병원,세종충북,청주성모병원 (https://app.notion.com/p/ed182db368ac4f5f8de44f30f7d610ad?pvs=21),"관리팀 구매과, 구매",이재덕,영업완료,,응급키트 비급여 사용이 힘들다고함. 세종에서 대모도 했었고 맞춤구성으로 oem해주겠다고함. Er에서 구매희망하면 우선 연락주겠다고함.,,완료
청주 미즈맘obgy 샘플 제공,2025/11/20,기존 병원,서산당진,미즈맘산부인과의원 (https://app.notion.com/p/3b2fd9fcb8cd81eda344f77d3111bddb?pvs=21),산부인과 주명식 원장,이재덕,영업완료,,바이옵시 자이네콜라(Gynecola) 샘플 제공. 고려해보겠다고함.,,완료
충북대학교병원 정보 수집,2025/11/20,기존 병원,세종충북,충북대학교병원 (https://app.notion.com/p/ba520b40010143dfae0d3ff058b73012?pvs=21),비뇨의학과 Pa 간호사,이재덕,영업완료,,Pa 출퇴근시간이 7~3시임. 내일 11시경 재방문 예정임. 진료과별 위치 파악 및 정보 수집.,,완료
미즈러브 납품,2025/11/20,기존 병원,서울경기,미즈러브여성비뇨기과의원 (https://app.notion.com/p/3b2fd9fcb8cd8153b7ddcda1aaa58179?pvs=21),산부인과 차옥연,이은필,영업완료,,"포셉RZ 및 타회사 카다로그 전달하면서 설명드림
원장님께 전달한다고 함
세정용품도 브로셔 보여드림, 단가는 더 비싼거 같음
[다음 방문 예정일] 2025/11/25",,완료
제천 미래산부인과 견적 상담,2025/11/19,기존 병원,세종충북,미래산부인과 (https://app.notion.com/p/3b2fd9fcb8cd814c8c1df0966b7437b2?pvs=21),산부인과 원장,이재덕,영업완료,,원하는 타입이 아니라함. 찾아서 보내주면 알아봐주겠다고 했음.,,완료
제천 연세미즈산부인과 견적 상담,2025/11/19,신규 병원,세종충북,제천연세미즈산부인과 (https://app.notion.com/p/3b5fd9fcb8cd81319d23cc6f3fa1ae21?pvs=21),산부인과 원장,이재덕,영업완료,,원내 의료소모품 달라고 설득함.,,완료
한기정산부인과 샘플 제공,2025/11/19,신규 병원,세종충북,한기정산부인과 (https://app.notion.com/p/3b5fd9fcb8cd81069e71df553a69b51f?pvs=21),산부인과 원장,이재덕,영업완료,,"바이옵시, 자이네콜라(Gynecola) 샘플제공, 주문 유도하겠음.",,완료
서울os 신규 아이템 소개,2025/11/19,신규 병원,세종충북,서울정형외과 (https://app.notion.com/p/3b5fd9fcb8cd810d8bb6fe25169667a8?pvs=21),정형외과 원장,이재덕,영업완료,,소공포 디테일 설명함. 케이스가 적다고 하나 지속방문예정.,,완료
제천 연세올바른통증 신규 아이템 소개,2025/11/19,신규 병원,세종충북,제천 연세올바른통증 (https://app.notion.com/p/3b5fd9fcb8cd81dfb165e3b1d162fe15?pvs=21),통증 원장,이재덕,영업완료,,면담 안 됨. 재방문 예정.,,완료
제천 굿모닝os 신규 아이템 소개,2025/11/19,신규 병원,세종충북,제천 굿모닝정형외과 (https://app.notion.com/p/3b5fd9fcb8cd81309f0de28eec64d5fb?pvs=21),정형외과 원장,이재덕,영업완료,,면담 안 됨. 재방문 예정.,,완료
제천 명지병원 신규 아이템 소개,2025/11/19,신규 병원,세종충북,제천명지병원 (https://app.notion.com/p/3b5fd9fcb8cd811f81d5cccde2960431?pvs=21),"관리팀 구매과, 구매",이재덕,영업완료,,담당자 부재중. 재방문 예정.,,완료
충주의료원 신규 아이템 소개,2025/11/19,기존 병원,세종충북,충주의료원 (https://app.notion.com/p/30ebb0603a8844aca2912287cf1fca29?pvs=21),"관리팀 재무팀, 구매",이재덕,영업완료,,응급키트 소개함. 신포괄이라 조금힘듬. 유통기한 긴제품이니 비상용으로 구매하라고 이야기함.,,완료
백제종합병원 소공포1 봉합키트자료,2025/11/19,기존 병원,대전논산,백제종합병원 (https://app.notion.com/p/24843013ded94b9f9010c3329bdcdcf6?pvs=21),수술실 수선생님께 전달요청(답변주신다고함),최진웅,영업완료,,"수선생님께 전달요청(답변주신다고함)
[제공 샘플] 소공포1",,완료
음성 무척편한os 신규 아이템 소개,2025/11/18,신규 병원,세종충북,음성무척편한정형외과 (https://app.notion.com/p/3b5fd9fcb8cd81609d2efcfe327a83dd?pvs=21),정형외과 최성규 부장,이재덕,영업완료,,소공포 샘플전달.,,완료
음성 금왕연합os 신규 아이템 소개,2025/11/18,신규 병원,세종충북,음성 금왕연합정형외과 (https://app.notion.com/p/3b5fd9fcb8cd81a2b7edfa96ede19361?pvs=21),"관리팀 소공포 디테일, 구매, 사용 미정임.",이재덕,영업완료,,,,완료
음성 서울척척통증 신규 아이템 소개,2025/11/18,신규 병원,세종충북,음성 서울척척통증 (https://app.notion.com/p/3b5fd9fcb8cd810bba93fd3ced36ed20?pvs=21),"관리팀 최종혁 팀장, 구매",이재덕,영업완료,,소공포 디테일 설명. 긍정적임.,,완료
음성 서울신os 샘플 제공,2025/11/18,신규 병원,세종충북,음성 서울신정형외과 (https://app.notion.com/p/3b5fd9fcb8cd81559116fb6da81ed452?pvs=21),정형외과 원장,이재덕,영업완료,,"소공포샘플제공, 기존 소공포 접착문제 있었다고함. 긍정적임.",,완료
음성 서울연합의원 신규 아이템 소개,2025/11/18,신규 병원,세종충북,음성 서울연합의원 (https://app.notion.com/p/3b5fd9fcb8cd81d39700df0024562865?pvs=21),"관리팀 원무과, 구매",이재덕,영업완료,,소공포 디테일 설명.,,완료
진천 중앙제일병원 신규 아이템 소개,2025/11/18,신규 병원,세종충북,진천 중앙제일병원 (https://app.notion.com/p/3b5fd9fcb8cd81ffb993e4f28cb46c4a?pvs=21),"관리팀 성백현 과장, 구매",이재덕,영업완료,,"응급킷, 소공포 디테일 설명.",,완료
진천 바른정형외과 신규 아이템 소개,2025/11/18,신규 병원,세종충북,진천 바른정형외과 (https://app.notion.com/p/3b5fd9fcb8cd8107a7b1d3d3ee1cdb0f?pvs=21),"관리팀 사무장, 구매",이재덕,영업완료,,소공포디테일 설명.,,완료
진천 미래마취통증 신규 아이템 소개,2025/11/18,신규 병원,세종충북,미래산부인과 (https://app.notion.com/p/3b2fd9fcb8cd814c8c1df0966b7437b2?pvs=21),"관리팀 이동수 부장, 구매",이재덕,영업완료,,소공포 디테일 설명.,,완료
진천 한사랑외과 신규 아이템 소개,2025/11/18,신규 병원,세종충북,진천 한사랑외과 (https://app.notion.com/p/3b5fd9fcb8cd813fb474d1a26953c8be?pvs=21),일반외과 원장,이재덕,영업완료,,소공포디테일 설명.,,완료
오창호수병원 신규 아이템 소개,2025/11/18,신규 병원,세종충북,오창호수병원 (https://app.notion.com/p/3b5fd9fcb8cd817aba85c5616a2e4edd?pvs=21),정형외과 Os 원장,이재덕,영업완료,,면담 대기하였으나 다음에 보자고 함.,,완료
오창 미즈산부인과 신규 아이템 소개,2025/11/18,신규 병원,세종충북,오창 미즈산부인과 (https://app.notion.com/p/3b5fd9fcb8cd81ad8c06d266ccd490bf?pvs=21),"관리팀 사무장, 구매",이재덕,영업완료,,바이옵시 디테일 설명함. 사용계획은 없다고함. 지혈재로 재방문 예정.,,완료
오창 중앙병원 신규 아이템 소개,2025/11/18,신규 병원,세종충북,오창 중앙병원 (https://app.notion.com/p/3b5fd9fcb8cd817a8f99ec0703276ecd?pvs=21),"관리팀 원무과장, 구매",이재덕,영업완료,,스카노스겔 디테일 설명.,,완료
담소유외과 신규 아이템 소개,2025/11/18,기존 병원,서울경기,담소유병원 (https://app.notion.com/p/3b2fd9fcb8cd8189b20fed5f65b5992d?pvs=21),일반외과 간호부장,이은필,영업완료,,"간호부장미팅, 응급킷트는 조만간 연락줄 예정
소노젤 보류, 하이겐트(Hygent) 원장님들과 상의필요
소공포 가격은 좋은데 필요시 발주
[다음 방문 예정일] 2025/11/20
[제공 샘플] 하이겐트(Hygent)",,완료
미즈러브여성비뇨기과 결재,2025/11/18,기존 병원,서울경기,미즈러브여성비뇨기과의원 (https://app.notion.com/p/3b2fd9fcb8cd8153b7ddcda1aaa58179?pvs=21),산부인과 차옥연,이은필,영업완료,,"결재완료, 포셉 휘어진거 문의",,완료
서주태비뇨의학과의원 결재,2025/11/18,기존 병원,서울경기,서주태 비뇨기과 의원 (https://app.notion.com/p/3b2fd9fcb8cd81e1a2b0cf50b751133e?pvs=21),비뇨의학과 원장님,이은필,영업완료,,결재완료,,완료
천안 서울대정병원 신규 아이템 소개,2025/11/18,신규 병원,천안아산,천안 서울대정병원 (https://app.notion.com/p/3b5fd9fcb8cd81a2a08be8a536cff8f6?pvs=21),정형외과 구자욱원장(척추),최진웅,영업완료,,설명+카다로그 명함전달 혼자 결정할수있는사항 아님 (다른원장도 가보기),,완료
천안 센텀신경과병원 신규 아이템 소개,2025/11/18,신규 병원,천안아산,천안 센텀신경과병원 (https://app.notion.com/p/3b5fd9fcb8cd81f6a743d3d47cad4507?pvs=21),정형외과 이병용원장,최진웅,영업완료,,"안만나줌 
[비고] 김우석 원장 노려보기",,완료
한국병원 신규 아이템 소개,2025/11/17,기존 병원,세종충북,청주 한국병원 (https://app.notion.com/p/ef784b1524834c199045e535d8e75bdd?pvs=21),"관리팀 신문식 팀장님, 구매",이재덕,영업완료,,"소공포, 응급킷 디테일 설명. 포괄수과병원이라 검토해본다고 함.",,완료
효성병원 신규 아이템 소개,2025/11/17,기존 병원,세종충북,청주효성병원 (https://app.notion.com/p/4ed256ac06214acc9c65ebb903123c3c?pvs=21),"관리팀 구매과 주임, 구매",이재덕,영업완료,,과장님 외근중이라 금주 금요일 3시 약속잡음.,,완료
마디사랑병원 신규 아이템 소개,2025/11/17,신규 병원,세종충북,마디사랑병원 (https://app.notion.com/p/3b5fd9fcb8cd819082a8cd2c666e0e4a?pvs=21),"관리팀 구매과 담당 부재중. 기다리다 연락처 남기고옴., 구매",이재덕,영업완료,,,,완료
뿌리병원 신규 아이템 소개,2025/11/17,신규 병원,세종충북,뿌리병원 (https://app.notion.com/p/3b5fd9fcb8cd81f39984c99b28445d1b?pvs=21),"관리팀 구매과 주임, 구매",이재덕,영업완료,,코매드 전납인데 소공포를 원장님들이 타업제 말고 코매드로 주문하라고 했다함.,,완료
율량 유항외과 신규 아이템 소개,2025/11/17,신규 병원,세종충북,율량 유항외과 (https://app.notion.com/p/3b5fd9fcb8cd818e9bdcc633911d3c37?pvs=21),일반외과 원장,이재덕,영업완료,,면담 안 됨. 재방문예정.,,완료
청주자모산부인과 신규 아이템 소개,2025/11/17,신규 병원,세종충북,청주자모산부인과 (https://app.notion.com/p/3b5fd9fcb8cd81508ae9f0abe162b893?pvs=21),산부인과 원장,이재덕,영업완료,,"듀얼튤립, 자이네콜라(Gynecola) 사용방법 설명드림, 소모품은 산부인과신협에서 구입하고 있음. 신규처 유도함.",,완료
유로센터비뇨기과 신규 아이템 소개,2025/11/17,기존 병원,세종충북,유로센터비뇨기과 (https://app.notion.com/p/66c5580992924199b3c8abdcb3021407?pvs=21),비뇨의학과 원장,이재덕,영업완료,,면담안 됨. 사무장만 면담이 됨.,,완료
가경유항외과 신규 아이템 소개,2025/11/17,신규 병원,세종충북,가경유항외과 (https://app.notion.com/p/3b5fd9fcb8cd818a8007f4013ec40737?pvs=21),일반외과 원장,이재덕,영업완료,,강충훈원장과 지인임. 소공포 외 디테일 설명. 조만간 식사하기로함.,,완료
대전 복십자 신규 아이템 소개,2025/11/14,신규 병원,대전논산,대전 복십자 (https://app.notion.com/p/3b5fd9fcb8cd8142b4c5cbbe2634d667?pvs=21),"관리팀, 구매",이재덕,영업완료,,"[비고] 일부 이전하였음, 결핵협회에서 운영하는 병원임.",,완료
대전 새손병원 신규 아이템 소개,2025/11/14,신규 병원,대전논산,대전 새손병원 (https://app.notion.com/p/3b5fd9fcb8cd81d890a1c6f053ad41f7?pvs=21),"관리팀 총무부장, 구매",이재덕,영업완료,,"[비고] 소공포, 응급키트 병원장님께 보고 후 샘플 구입하겠다고 함.",,완료
옥천 성모병원 신규 아이템 소개,2025/11/14,기존 병원,세종충북,옥천성모병원 (https://app.notion.com/p/1d6490ab72a64fa7a1e874bed8d3ee80?pvs=21),"관리팀 구매과 권용과장, 구매",이재덕,영업완료,,[비고] 응급킷 설명드림. 관심있어 하심. 재방문 예정.,,완료
보은 한양병원 견적 상담,2025/11/14,신규 병원,세종충북,보은한양병원 (https://app.notion.com/p/3b5fd9fcb8cd81b4b358df27f0e822d8?pvs=21),"관리팀 구매과, 구매",이재덕,영업완료,,[비고] Er에서 반응이 좋아 병원장님께 구매 발주 기안서 올려보기로 함. 연락 주겠닥함.,,완료
다나여성병원 샘플 제공,2025/11/14,신규 병원,세종충북,다나여성병원 (https://app.notion.com/p/3b5fd9fcb8cd8151a796f3cdc8a9a1c3?pvs=21),"대표원장, 산부인과 원무부장",이재덕,영업완료,EN-Shot Biopsy 2.3cup (https://app.notion.com/p/EN-Shot-Biopsy-2-3cup-3b2fd9fcb8cd81448fb8f538a32b9a8a?pvs=21),"[비고] 지인과 동반방문함. 원무과장님 면담후 이오영대표원장님 면담함. 바이옵시, 자이네콜라(Gynecola) 사용 설득함. 타원장님과 상의 후 결정해보겠다고 함. 
[제공 샘플] 바이옵시, 지혈제",,완료
청주21세기병원 신규 아이템 소개,2025/11/14,신규 병원,세종충북,청주21세기병원 (https://app.notion.com/p/21-3b5fd9fcb8cd811c956cd4c532c429a2?pvs=21),"관리팀 류현수 대리, 구매",이재덕,영업완료,,[비고] 소공포 디테일 후 샘플제공 함. 재방문예정임.,,완료
해피맘 샘플 제공,2025/11/13,신규 병원,세종충북,해피맘 (https://app.notion.com/p/3b5fd9fcb8cd819ab202c08160f01110?pvs=21),산부인과 전창희 원무과장,이재덕,영업완료,,[비고] 바이옵시디테일 콜라템프 샘플제공. 재방문 예정,,완료
유항 신규 아이템 소개,2025/11/13,신규 병원,세종충북,유항 (https://app.notion.com/p/3b5fd9fcb8cd81f8ba37fd152bfc41e5?pvs=21),일반외과 원장,이재덕,영업완료,,[비고] 수술들어가서 다음 방문예정,,완료
우리항 신규 아이템 소개,2025/11/13,신규 병원,세종충북,우리항 (https://app.notion.com/p/3b5fd9fcb8cd81339c07c939b1fde64e?pvs=21),일반외과 원장,이재덕,영업완료,,[비고] 수술중이라함. 재방문예정.,,완료
유로센터 신규 아이템 소개,2025/11/13,기존 병원,세종충북,유로센터비뇨기과 (https://app.notion.com/p/66c5580992924199b3c8abdcb3021407?pvs=21),비뇨의학과 사무장,이재덕,영업완료,,[비고] 원장님 면담은 못함. 재방문시 원장 면담예정.,,완료
마디사랑병원 신규 아이템 소개,2025/11/13,신규 병원,세종충북,마디사랑병원 (https://app.notion.com/p/3b5fd9fcb8cd819082a8cd2c666e0e4a?pvs=21),정형외과 이종혁 행정실장,이재덕,영업완료,,"[비고] 병원 미팅있어 인사만 드림, 재방문 예정.",,완료
성모병원 샘플 제공,2025/11/13,신규 병원,세종충북,옥천성모병원 (https://app.notion.com/p/1d6490ab72a64fa7a1e874bed8d3ee80?pvs=21),"관리팀 최홍근 주임, 구매",이재덕,영업완료,,"[비고] 소공포, 응급킷 디테일, 보험과 상담해본다고 함.",,완료
효성h 신규 아이템 소개,2025/11/13,기존 병원,세종충북,청주효성병원 (https://app.notion.com/p/4ed256ac06214acc9c65ebb903123c3c?pvs=21),"관리팀 구매과 박민석주임, 구매",이재덕,영업완료,,"[비고] 개원 30주년 행사했음, 기다려서 인사 드림. 과장님은 못뵘. 차주 약속잡고 다시보기로 함.",,완료
하임브릿지 신규 아이템 소개,2025/11/13,신규 병원,세종충북,하임브릿지 (https://app.notion.com/p/3b5fd9fcb8cd81b7ab03c4969276e0c1?pvs=21),정형외과 원장,이재덕,영업완료,,[비고] 면담 안 됨. 차후 방문예정.,,완료
분당제일 납품,2025/11/13,기존 병원,서울경기,분당제일여성병원 (https://app.notion.com/p/3b2fd9fcb8cd816fa819fecaebcc1b6d?pvs=21),산부인과 수술실,이은필,영업완료,,수술포2박스 루프 5개,,완료
유엔비외과 납품 및 하이겐트(Hygent) 설명,2025/11/13,기존 병원,서울경기,유엔비 외과의원 (https://app.notion.com/p/3b2fd9fcb8cd8111940acecbbea315e5?pvs=21),"일반외과 차명기간호사, 행정부장",이은필,영업완료,,하이겐트(Hygent) 설명,,완료
세종시온산후조리원 좌욕기설치,2025/11/12,신규 병원,대전논산,세종시온산후조리원 (https://app.notion.com/p/3b5fd9fcb8cd8148829dd60f205ac06e?pvs=21),산후조리원 부원장,이은필,영업완료,,10대 설치완료,,완료
미래 견적 상담,2025/11/12,기존 병원,세종충북,미래산부인과 (https://app.notion.com/p/3b2fd9fcb8cd814c8c1df0966b7437b2?pvs=21),산부인과 원장,이재덕,영업완료,,"[비고] Mgb제품으로 4k, hd 견적, 원내소모품 견적서 작성해서 방문할예정",,완료
킴스 신규 아이템 소개,2025/11/12,신규 병원,세종충북,킴스 (https://app.notion.com/p/3b5fd9fcb8cd8141bfbdcd99c017f886?pvs=21),정형외과 원장,이재덕,영업완료,,"[비고] 소공포, 봉합키트 디테일 함, 포셉 시저등 보고 싶어함.",,완료
연세미즈 신규 아이템 소개,2025/11/12,신규 병원,세종충북,연세미즈 (https://app.notion.com/p/3b5fd9fcb8cd81b9a4c7d018ae730c8f?pvs=21),산부인과 원장,이재덕,영업완료,,[비고] 원내 수술포등 타 품목 랜딩시도함. 긍정적임. 간호사 통해 주문하겠다고함.,,완료
한기정 신규 아이템 소개,2025/11/12,신규 병원,세종충북,한기정 (https://app.notion.com/p/3b5fd9fcb8cd81c0af49db8b4bcf51eb?pvs=21),산부인과 원장,이재덕,영업완료,,"[비고] 바이옵시 디태일, 사용계획은 아직 없음. 지속방문예정.",,완료
노 신규 아이템 소개,2025/11/12,신규 병원,세종충북,노 (https://app.notion.com/p/3b5fd9fcb8cd8121afffc1b5f4b8385a?pvs=21),정형외과 원장,이재덕,영업완료,,[비고] 소공포 디테일 함. 처후 방문시 샘플제공 예정.,,완료
충주건대h 샘플 제공,2025/11/12,기존 병원,세종충북,건국대학교 충주병원 (https://app.notion.com/p/3c4ee56de1d148f59f4b8f2c63de6f08?pvs=21),"관리팀 구매과 채낙규, 구매",이재덕,영업완료,,[비고] 응급킷 소개. Er 소개하기로함.,,완료
세브란스 신규 아이템 소개,2025/11/12,신규 병원,서울경기,세브란스 (https://app.notion.com/p/3b5fd9fcb8cd8151945ec4f0367ce0f8?pvs=21),산부인과,이재덕,영업완료,,"[비고] 면담 안 됨, 소문이 별로임.",,완료
최경남 신규 아이템 소개,2025/11/12,신규 병원,세종충북,최경남 (https://app.notion.com/p/3b5fd9fcb8cd815aa642d2cf1bec9250?pvs=21),산부인과 원장,이재덕,영업완료,,[비고] 면담 안 됨. 여의사 나이많음. 재방문 예정없음.,,완료
프라우삼성 신규 아이템 소개,2025/11/12,신규 병원,세종충북,프라우삼성 (https://app.notion.com/p/3b5fd9fcb8cd810585f1ff3ec81bedbd?pvs=21),산부인과 원장,이재덕,영업완료,,[비고] 시간 맞춰갔으나 면담 못함. 사무장 가끔 만나러 가야겠음. 다른 병원에 더 투자할 예정임.,,완료
음성무척편한os 신규 아이템 소개,2025/11/11,신규 병원,세종충북,음성무척편한정형외과 (https://app.notion.com/p/3b5fd9fcb8cd81609d2efcfe327a83dd?pvs=21),정형외과 면담거부,이재덕,영업완료,,[비고] 면담안 됨,,완료
음성 제일좋은병원 신규 아이템 소개,2025/11/11,신규 병원,세종충북,음성 제일좋은병원 (https://app.notion.com/p/3b5fd9fcb8cd81878907f5e8be760179?pvs=21),"관리팀 오선균과장, 구매",이재덕,영업완료,,"소공포제공
[비고] 비급여제품 사용 꺼린다고함
[다음 방문 예정일] 2025/11/25",,완료
류시나 신규 아이템 소개,2025/11/11,신규 병원,세종충북,류시나 (https://app.notion.com/p/3b5fd9fcb8cd81f084a9e7ae58bcb24b?pvs=21),산부인과 원장님,이재덕,영업완료,,"바이옵시 디테일
[비고] 사용하지 않는다함, 타제품 디테일 예정.",,완료
금왕연합 신규 아이템 소개,2025/11/11,신규 병원,세종충북,금왕연합 (https://app.notion.com/p/3b5fd9fcb8cd8100b64dc4de800afd9f?pvs=21),정형외과 심종일 원무과장,이재덕,영업완료,,"소공포 샘플제공
[비고] 원장님께 말씀해본다고 함, 비급여제품 어렵다고 함.",,완료
금왕삼성연합 신규 아이템 소개,2025/11/11,신규 병원,세종충북,금왕삼성연합 (https://app.notion.com/p/3b5fd9fcb8cd81eca281d6c1003dbad2?pvs=21),"관리팀 면담못함, 구매",이재덕,영업완료,,[비고] 환자 많으나 면담 안 됨,,완료
진천 혁신성모병원 신규 아이템 소개,2025/11/11,신규 병원,세종충북,진천 혁신성모병원 (https://app.notion.com/p/3b5fd9fcb8cd814f801dc31f7914554c?pvs=21),정형외과 김태규 원무과장,이재덕,영업완료,,"소공포 디테일
[비고] Os원장님께 여쭤보긴 한다고 함",,완료
오창 미즈 신규 아이템 소개,2025/11/11,신규 병원,세종충북,오창 미즈 (https://app.notion.com/p/3b5fd9fcb8cd81b29124d0bb2c7d6019?pvs=21),산부인과 윤경환 사무장,이재덕,영업완료,,"바이옵시 디테일
[비고] 현재 사용하고 있지 않다고함. 지속 방문예정
[다음 방문 예정일] 2025/11/20",,완료
오창호수병원 신규 아이템 소개,2025/11/11,신규 병원,세종충북,오창호수병원 (https://app.notion.com/p/3b5fd9fcb8cd817aba85c5616a2e4edd?pvs=21),정형외과 구매과,이재덕,영업완료,,"소공포 디테일
[비고] Os 과장님 수술들어가셔서 소공포 전달해주겠다고 함.",,완료
오창 연세 신규 아이템 소개,2025/11/11,신규 병원,세종충북,오창 연세 (https://app.notion.com/p/3b5fd9fcb8cd81a0a0a5cf7c5a3089ef?pvs=21),정형외과 면담 안됨,이재덕,영업완료,,[비고] 재방문 예정,,완료
오창 중앙병원 신규 아이템 소개,2025/11/11,신규 병원,세종충북,오창 중앙병원 (https://app.notion.com/p/3b5fd9fcb8cd817a8f99ec0703276ecd?pvs=21),정형외과 원무과장,이재덕,영업완료,,[비고] 타업체 소공포 있음. 세종것은 아님. M-csi 인가 쓰여있음,,완료
카톨릭병원 신규 아이템 소개,2025/11/11,신규 병원,세종충북,카톨릭병원 (https://app.notion.com/p/3b5fd9fcb8cd8193a898f8c0c4feea3e?pvs=21),정형외과 면담 못함,이재덕,영업완료,,[비고] 사무장 휴가중. 재방문 예정.,,완료
하나로연합의원 신규 아이템 소개,2025/11/11,신규 병원,세종충북,하나로연합의원 (https://app.notion.com/p/3b5fd9fcb8cd813286cfc729434d17d1?pvs=21),Fm 김성태원장,이재덕,영업완료,,"소공포디테일
[비고] 올 4월개원. 통증 관련 시술함. 소공포 외 벼원 소모품 디테일 함.",,완료
씨앤씨병원 신규 아이템 소개,2025/11/11,신규 병원,세종충북,씨앤씨병원 (https://app.notion.com/p/3b5fd9fcb8cd81569bced422449a1d61?pvs=21),재활 이지용원장,이재덕,영업완료,,[비고] 오랜만에 인사드리러감. 전품목 가능하다고 설명함.,,완료
모태안 납품,2025/11/11,기존 병원,세종충북,모태안여성병원 (https://app.notion.com/p/3b2fd9fcb8cd8155911ec5bd84013f09?pvs=21),산부인과 서정한,이은필,영업완료,,,,완료
한국병원 납품,2025/11/11,기존 병원,세종충북,청주 한국병원 (https://app.notion.com/p/ef784b1524834c199045e535d8e75bdd?pvs=21),수술실 이재일수술실방장,이은필,영업완료,,,,완료
우리 샘플 제공,2025/11/10,신규 병원,세종충북,서울우리병원 (https://app.notion.com/p/5c5f2fca11ca4aea842cf067fc1b7857?pvs=21),정형외과 사무장,이재덕,영업완료,,"소분포제공
[비고] 안태규사무장 소분포 샘플제공. 대전에선 사용했으나 현재 미사용. 원장님께 물어본다함
[다음 방문 예정일] 2025/11/19",,완료
서울 신규 아이템 소개,2025/11/10,신규 병원,서울경기,서울 중앙메디칼 (https://app.notion.com/p/833a17819ae54322847e1b7030017814?pvs=21),일반외과 원장님,이재덕,영업완료,,"면담 안 됨. 차후 방문예정. 
[비고] 재방문예정
[다음 방문 예정일] 2025/11/19",,완료
보은한양병원 신규 아이템 소개,2025/11/10,신규 병원,세종충북,보은한양병원 (https://app.notion.com/p/3b5fd9fcb8cd81b4b358df27f0e822d8?pvs=21),"관리팀 배서우과장, 구매",이재덕,영업완료,,"봉합키트제공
[비고] 견적서 발송하였으며 차후 연락주기로함. 
[다음 방문 예정일] 2025/11/19
[제공 샘플] 봉합키트",,완료
유엔비외과 납품,2025/11/10,기존 병원,서울경기,유엔비 외과의원 (https://app.notion.com/p/3b2fd9fcb8cd8111940acecbbea315e5?pvs=21),일반외과 차명기 간호사,이은필,영업완료,,"[비고] 원장님 물어보고 회신준다고 함
[제공 샘플] 수술포, 저번주 소공포 샘플",,완료
청담튼튼 납품,2025/11/10,신규 병원,서울경기,청담튼튼 (https://app.notion.com/p/3b5fd9fcb8cd81b98857ccf98f38f7c8?pvs=21),일반외과 수술실,이은필,영업완료,,,,완료
옥천성모병원 샘플 제공,2025/11/10,기존 병원,세종충북,옥천성모병원 (https://app.notion.com/p/1d6490ab72a64fa7a1e874bed8d3ee80?pvs=21),"관리팀 권용 과장, 구매",이재덕,영업완료,,"소공포제공
[비고] 응급키트는 사용중. 소공포샘플 제공
[다음 방문 예정일] 2025/11/21",,완료
옥천삼성외과 신규 아이템 소개,2025/11/10,신규 병원,세종충북,옥천삼성외과 (https://app.notion.com/p/3b5fd9fcb8cd81259020f85dd78480b4?pvs=21),일반외과 면담못함,이재덕,영업완료,,,,완료
옥천 이산부인과 신규 아이템 소개,2025/11/10,신규 병원,세종충북,옥천 이산부인과 (https://app.notion.com/p/3b5fd9fcb8cd81efbbd3e2a724d6455f?pvs=21),산부인과 윤희자 선생님,이재덕,영업완료,EN-Shot Biopsy 2.3cup (https://app.notion.com/p/EN-Shot-Biopsy-2-3cup-3b2fd9fcb8cd81448fb8f538a32b9a8a?pvs=21),"[비고] 콜라템프 샘플 제공. 바이옵시 원장님께 말한다고 함
[다음 방문 예정일] 2025/11/21
[제공 샘플] 바이옵시",,완료
옥천 서울연합정형외과 샘플 제공,2025/11/10,신규 병원,세종충북,옥천 서울연합정형외과 (https://app.notion.com/p/3b5fd9fcb8cd8195a101d9f271320fe0?pvs=21),정형외과 전두환 사무장,이재덕,영업완료,,"[비고] 소공포 샘플제공 원장님께 말씀드리기로 함
[다음 방문 예정일] 2025/11/19",,완료
새손병원 신규 아이템 소개,2025/11/10,신규 병원,대전논산,새손병원 (https://app.notion.com/p/3b5fd9fcb8cd81da950ef4535a0dba7e?pvs=21),"관리팀 최성욱 사무장, 구매",이재덕,영업완료,,[비고] 하이겐타 설명함. 봉합키트 설명함. 지속방문예정,,완료
대전보훈병원 샘플 제공,2025/11/10,신규 병원,대전논산,대전보훈병원 (https://app.notion.com/p/3b5fd9fcb8cd8118b66dc084c526ed37?pvs=21),"관리팀 지료지원과 이태화사원, 구매",이재덕,영업완료,,"소공포 샘플제공
[비고] 응급봉합킷, 소공포 디테일 설명함. 응급에서 구매요청이오면 좋겠다고 함. 차후 응급실 방문예정.",,완료
정성내과 정보 수집,2025/11/07,신규 병원,세종충북,정성내과 (https://app.notion.com/p/3b5fd9fcb8cd810ba079f51c2317aba0?pvs=21),내과 담당자,이재덕,영업완료,,"수액환자 많은 병원임. 수액키트 및 기타 의료소모품 디테일 설명함
[다음 방문 예정일] 2025/11/07
[제공 샘플] 수액세트",,완료
김광주산부인과 신규 아이템 소개,2025/11/07,신규 병원,세종충북,김광주산부인과 (https://app.notion.com/p/3b5fd9fcb8cd81648445ec77e10a12dc?pvs=21),산부인과 담당자,이재덕,영업완료,EN-Shot Biopsy 2.3cup (https://app.notion.com/p/EN-Shot-Biopsy-2-3cup-3b2fd9fcb8cd81448fb8f538a32b9a8a?pvs=21),"바이옵시 설명함. 아직 사용하지 않고 있음. 지속방문 예정
[제공 샘플] 바이옵시",,완료
마이크로병원 신규 아이템 소개,2025/11/07,신규 병원,세종충북,마이크로병원 (https://app.notion.com/p/3b5fd9fcb8cd81c6812bf641210ec166?pvs=21),정형외과 구매과,이재덕,영업완료,,"비급여 소공포 디테일 설명함, 과장님께 제품 사용요청 올려본다고 함. 300개/월 사용 예정된다고 하며 간납으로 납품해야 한다고 함. 하이겐트(Hygent)는 원장님 지인이 설명하였다고 함.
[제공 샘플] 수술포",,완료
프라우산부인과 정보 수집,2025/11/07,신규 병원,세종충북,프라우산부인과 (https://app.notion.com/p/3b5fd9fcb8cd819db164ca35b21897b1?pvs=21),산부인과 사무장,이재덕,영업완료,DVT SLEEVE 발타입 허벅지부분 (https://app.notion.com/p/DVT-SLEEVE-3b2fd9fcb8cd8162a0a0f4e67feb838f?pvs=21),"사무장님 면담. dvt 제품 소개. 다음주 화~수요일 사이 원장님 오전수술 없어 재방문 예정.
[다음 방문 예정일] 2025/11/11
[제공 샘플] DVT",,완료
서로손 병원 신규 아이템 소개,2025/11/07,신규 병원,세종충북,서로손병원 (https://app.notion.com/p/3b5fd9fcb8cd810e8a71d530d2c270ec?pvs=21),암환자 케어,이재덕,영업완료,,"소공포 디테일 설명함. 암환자 케어병원임, 병원소모품 설명드림.
[제공 샘플] 수술포",,완료
미래여성산부인과 정보 수집,2025/11/07,기존 병원,세종충북,미래산부인과 (https://app.notion.com/p/3b2fd9fcb8cd814c8c1df0966b7437b2?pvs=21),"산부인과 서지택, 원장",이재덕,영업완료,EN-Shot Biopsy 2.3cup (https://app.notion.com/p/EN-Shot-Biopsy-2-3cup-3b2fd9fcb8cd81448fb8f538a32b9a8a?pvs=21),"원장님, 사무장님 면담. 튤립은 기존에 설명한 업체있으나 사용은 안하고 있음. 바이옵시 제품 설명드리고 원장님 구매지시 있으면 전화하겠다고 함.
[제공 샘플] 바이옵시, 지혈제",,완료
다나여성병원 정보 수집,2025/11/07,신규 병원,세종충북,다나여성병원 (https://app.notion.com/p/3b5fd9fcb8cd8151a796f3cdc8a9a1c3?pvs=21),산부인과 김규동 사무장,이재덕,영업완료,,"김규동 사무장님 면담 예정이었으나, 급한 수술이 들어와 면담은 못함. 다음주에 재 방문하기로 함. 
[다음 방문 예정일] 2025/11/11",,완료
미즈맘산부인과 정보 수집,2025/11/07,기존 병원,서산당진,미즈맘산부인과의원 (https://app.notion.com/p/3b2fd9fcb8cd81eda344f77d3111bddb?pvs=21),"산부인과 주명식, 원장",이재덕,영업완료,,주명식 원장님 면담 요청드렸으나 한가할때 오라고 하심. 다음주 재 방문예정,,완료
새빛병원 신규 아이템 소개,2025/11/07,신규 병원,세종충북,새빛병원 (https://app.notion.com/p/3b5fd9fcb8cd81fabc63dd10bfb9deeb?pvs=21),일반외과 사무장님,이재덕,영업완료,"Bipolar, Maryland Dissector (https://app.notion.com/p/Bipolar-Maryland-Dissector-3b2fd9fcb8cd81f68e94dadb365b509e?pvs=21)","vh 바이폴라 브로셔 제공. 사무장님 면담 차후 예정. 
[제공 샘플] 바이폴라",,완료
유엔비외과 신규 아이템 소개,2025/11/06,기존 병원,서울경기,유엔비 외과의원 (https://app.notion.com/p/3b2fd9fcb8cd8111940acecbbea315e5?pvs=21),일반외과 행정실장,이은필,영업완료,,"샘플 및 브로셔 설며에
[다음 방문 예정일] 2025/11/10
[제공 샘플] 수술포",,완료
미래산부인과 정보 수집,2025/11/06,기존 병원,세종충북,미래산부인과 (https://app.notion.com/p/3b2fd9fcb8cd814c8c1df0966b7437b2?pvs=21),산부인과 원장,이재덕,영업완료,"EN-Shot Biopsy 2.3cup (https://app.notion.com/p/EN-Shot-Biopsy-2-3cup-3b2fd9fcb8cd81448fb8f538a32b9a8a?pvs=21), 복강경&자궁경 기구 (https://app.notion.com/p/fa9770c98f53468189eab63e6e8cccf7?pvs=21)","바이옵시 샘플 제공, 구매예정, 자궁경장비 카탈로그 요청함
[다음 방문 예정일] 2025/11/12
[제공 샘플] 바이옵시",,완료
연세미즈산부인과 정보 수집,2025/11/06,신규 병원,세종충북,연세미즈산부인과 (https://app.notion.com/p/3b5fd9fcb8cd817dbc31db66405540e8?pvs=21),산부인과 원장,이재덕,영업완료,EN-Shot Biopsy 2.3cup (https://app.notion.com/p/EN-Shot-Biopsy-2-3cup-3b2fd9fcb8cd81448fb8f538a32b9a8a?pvs=21),"바이옵시외 견적, 구매예정. 
[다음 방문 예정일] 2025/11/12
[제공 샘플] 바이옵시, 지혈제",,완료
한기정산부인과 정보 수집,2025/11/06,신규 병원,세종충북,한기정산부인과 (https://app.notion.com/p/3b5fd9fcb8cd81069e71df553a69b51f?pvs=21),"산부인과 한기정, 원장",이재덕,영업완료,EN-Shot Biopsy 2.3cup (https://app.notion.com/p/EN-Shot-Biopsy-2-3cup-3b2fd9fcb8cd81448fb8f538a32b9a8a?pvs=21),"원장님 면담 . 바이옵시 설명
[제공 샘플] 바이옵시",,완료
제천명지병원 정보 수집,2025/11/06,신규 병원,세종충북,제천명지병원 (https://app.notion.com/p/3b5fd9fcb8cd811f81d5cccde2960431?pvs=21),"관리팀 총무과, 구매",이재덕,영업완료,,총무과방문 인사 드림,,완료
충주의료원 신규 아이템 소개,2025/11/06,기존 병원,세종충북,충주의료원 (https://app.notion.com/p/30ebb0603a8844aca2912287cf1fca29?pvs=21),"관리팀 원성호, 구매, 재무과장",이재덕,영업완료,,"재무팀 원성호과장 면담, 하이겐트(Hygent), 소공포 샘플제공 과장님들께 여쭤보기로 함. 조만간 점심 같이하기로함. 
[제공 샘플] 수술포",,완료
충주별산부인과 신규 아이템 소개,2025/11/06,신규 병원,세종충북,충주별산부인과 (https://app.notion.com/p/3b5fd9fcb8cd81c8898ad6579fc4d258?pvs=21),"산부인과 정근환, 행정부장",이재덕,영업완료,복강경&자궁경 기구 (https://app.notion.com/p/fa9770c98f53468189eab63e6e8cccf7?pvs=21),"정근환 행정부장 면담, 바이폴라 설명함, 라파핸들 내구성 좋은거 샘플요청, 바이폴라 330-5 샘플 챙겨야함. 
[제공 샘플] 바이옵시",,완료
하나병원 정보 수집,2025/11/04,기존 병원,세종충북,청주 하나병원 (https://app.notion.com/p/00b1783b8c6f4791ba486e1bed98675d?pvs=21),"관리팀 검진센터 차장, 구매",이재덕,영업완료,"Bipolar, Maryland Dissector (https://app.notion.com/p/Bipolar-Maryland-Dissector-3b2fd9fcb8cd81f68e94dadb365b509e?pvs=21)","원장님 사모가 의료기기회사를 운영중이며, 전납을 한다고 함. 바이폴라, 하이겐트(Hygent)제품 소개하여 병원내 구매과 후배한테 의사 타진후 연락주겠다고 함",,완료
프라우산부인과 정보 수집,2025/11/04,신규 병원,세종충북,프라우산부인과 (https://app.notion.com/p/3b5fd9fcb8cd819db164ca35b21897b1?pvs=21),"산부인과 김승택, 원장",이재덕,영업완료,,"김승택원장 피곤하다 하여 다음 방문예정, 사무장 타 업체 미팅으로 금요일 방문 예정.
[다음 방문 예정일] 2025/11/12",,완료
마이크로병원 신규 아이템 소개,2025/11/04,신규 병원,세종충북,마이크로병원 (https://app.notion.com/p/3b5fd9fcb8cd81c6812bf641210ec166?pvs=21),정형외과,이재덕,영업완료,,"구매과 면담, 전납업체 엠버스털? 업체가 납품하고 있다고 함. 병원 내 노바메틱스 의약품 창고도 있슴.
[다음 방문 예정일] 2025/11/12",,완료
미래여성산부인과 정보 수집,2025/11/04,기존 병원,세종충북,미래산부인과 (https://app.notion.com/p/3b2fd9fcb8cd814c8c1df0966b7437b2?pvs=21),"산부인과 서지택, 원장",이재덕,영업완료,EN-Shot Biopsy 2.3cup (https://app.notion.com/p/EN-Shot-Biopsy-2-3cup-3b2fd9fcb8cd81448fb8f538a32b9a8a?pvs=21),"서지택원장 면담. 바이옵시 제품 디테일, 샘플 제공. 오후에 원무과장 없어 금요일 오전에 방문 예정, 제품 상담 후 랜딩 할 수 있을듯 함
[다음 방문 예정일] 2025/11/07
[제공 샘플] 바이옵시",,완료
뿌리병원 신규 아이템 소개,2025/11/04,신규 병원,세종충북,뿌리병원 (https://app.notion.com/p/3b5fd9fcb8cd81f39984c99b28445d1b?pvs=21),정형외과 구매과,이재덕,영업완료,,"구매과 면담. 하이겐트(Hygent), 수술포 디테일 함. 하이겐트(Hygent) 샘플 있으면 챙겨서 와줬으면 함. 수술포는 매우 긍정적으로 생각하는 듯함. 금요일 샘플지참 후 재 방문 예정.
[다음 방문 예정일] 2025/11/07
[제공 샘플] 하이겐트(Hygent), 수술포",,완료
유항외과 정보 수집,2025/11/04,신규 병원,세종충북,유항외과 (https://app.notion.com/p/3b5fd9fcb8cd81cdbd7ee6d12db7746e?pvs=21),일반외과 원장,이재덕,영업완료,,원장님 면담 안 됨. 차후 방문예정,,완료
다나여성병원 정보 수집,2025/11/04,신규 병원,세종충북,다나여성병원 (https://app.notion.com/p/3b5fd9fcb8cd8151a796f3cdc8a9a1c3?pvs=21),산부인과 김규동사무장,이재덕,영업완료,"EN-Shot Biopsy 2.3cup (https://app.notion.com/p/EN-Shot-Biopsy-2-3cup-3b2fd9fcb8cd81448fb8f538a32b9a8a?pvs=21), DVT SLEEVE 발타입 허벅지부분 (https://app.notion.com/p/DVT-SLEEVE-3b2fd9fcb8cd8162a0a0f4e67feb838f?pvs=21)","원무과장 부재로 총무부장면담. 바이옵시샘플 제공, dvt 디테일 하였으나, 시섹환자에게 부담이 너무 큰듯하다고 함. 금요일 원무과장 휴가 복귀 후 재 면담 예정. 
[다음 방문 예정일] 2025/11/07
[제공 샘플] DVT",,완료
자모산부인과 샘플 제공,2025/11/04,신규 병원,세종충북,자모산부인과 (https://app.notion.com/p/3b5fd9fcb8cd8147bba0f3e2365ee101?pvs=21),산부인과 원장,이재덕,영업완료,EN-Shot Biopsy 2.3cup (https://app.notion.com/p/EN-Shot-Biopsy-2-3cup-3b2fd9fcb8cd81448fb8f538a32b9a8a?pvs=21),"바이옵시 샘플 제공, 원장님이 내일 뵙자고 하였으나, 금요일 방문 가능하다고 말씀 드림. 샘플 우선 제공 후 금요일 피드백 예정
[다음 방문 예정일] 2025/11/07
[제공 샘플] 바이옵시",,완료
서산 우리본병원 신규 아이템 소개,2025/05/05,신규 병원,서산당진,서산 우리본병원 (https://app.notion.com/p/3b5fd9fcb8cd8119a83bdce238f58e30?pvs=21),정형외과 총무과,최진웅,영업완료,,원장님 못보게함 총무과 직원에게 설명 카다로그 명함전달,,완료
청주 하임브릿지os 정보 수집,2025/12/22,신규 병원,세종충북,청주 하임브릿지정형외과 (https://app.notion.com/p/3b5fd9fcb8cd81a7a092f92fc847e997?pvs=21),"관리팀 사무장, 구매",이재덕,영업완료,,블록 키트 디테일 하였으나 원장님 안쓰신다고 하심.,,완료
청주 프라우obgy 정보 수집,2025/12/22,신규 병원,세종충북,청주 프라우산부인과 (https://app.notion.com/p/3b5fd9fcb8cd8188a2daf2930eb04eac?pvs=21),"관리팀 사무장, 구매",이재덕,영업완료,,인사차 방문함. 수슬팩등 이야기하려했으나 다음에 하자고함.,,완료
청주 한국병원 샘플 제공,2025/12/22,기존 병원,세종충북,청주 한국병원 (https://app.notion.com/p/ef784b1524834c199045e535d8e75bdd?pvs=21),일반외과 과장,이재덕,영업완료,,트로카 샘플제공. 쉽지안다고하심. 니들홀더는 다음주 월요일 회수예정.,,완료
청주 하나병원 신규 아이템 소개,2025/12/22,기존 병원,세종충북,청주 하나병원 (https://app.notion.com/p/00b1783b8c6f4791ba486e1bed98675d?pvs=21),"관리팀 구매팀, 구매",이재덕,영업완료,,이지큐본드(EzQbond) 디테일 설명함. 쓴다안쓴다 말을안함. 더 자세히 알아보겠음.,,완료
청주 미앤유gs 신규 아이템 소개,2025/12/22,신규 병원,세종충북,청주 미앤유외과 (https://app.notion.com/p/3b5fd9fcb8cd8177a266c075c5dea93e?pvs=21),일반외과 원장,이재덕,영업완료,,면담 안 됨.,,완료
청주 가경유항gs 신규 아이템 소개,2025/12/22,신규 병원,세종충북,청주 가경유항외과 (https://app.notion.com/p/3b5fd9fcb8cd81199de2c5fc92a6f37f?pvs=21),일반외과 원장,이재덕,영업완료,,소노겔 디테일 설명. 비급여로 하기엔 어렵다고 함. 설득해보겠음.,,완료
청주 미즈맘obgy 신규 아이템 소개,2025/12/22,기존 병원,서산당진,미즈맘산부인과의원 (https://app.notion.com/p/3b2fd9fcb8cd81eda344f77d3111bddb?pvs=21),"관리팀 사무장, 구매",이재덕,영업완료,,자이네콜라(Gynecola) 사용해달라고 요청함. 원장님 쉽지않을거라고 말함.,,완료
보은 한양병원 정보 수집,2025/12/23,신규 병원,세종충북,보은한양병원 (https://app.notion.com/p/3b5fd9fcb8cd81b4b358df27f0e822d8?pvs=21),"관리팀 구매과, 구매",이재덕,영업완료,스카노스겔 (https://app.notion.com/p/e8b49e4deb87401e8594f51493a080a6?pvs=21),"실리콘데이프 이상반응 없음확인. 1월에 소소하게 품목 변경할수있다고함. 병원장님 미팅 이야기도 하긴했음. 
[제공 샘플] 소노겔",,완료
청주 효성병원 신규 아이템 소개,2025/12/23,기존 병원,세종충북,청주효성병원 (https://app.notion.com/p/4ed256ac06214acc9c65ebb903123c3c?pvs=21),"관리팀 구매팀, 구매",이재덕,영업완료,,하이겐트(Hygent) 디테일 설명함. 아직 말씀은 못드렸다고 하나 과장들 만나봐야겠음.,,완료
청주 닥터연여성의원 정보 수집,2025/12/23,신규 병원,세종충북,청주 닥터연여성의원 (https://app.notion.com/p/3b5fd9fcb8cd8181bd33df814e636f73?pvs=21),"관리팀 팀장, 구매",이재덕,영업완료,,원장님께 아직 말씀못드림. 1월 원장님 찾아뵙기로함.,,완료
청주 아산웰마취 정보 수집,2025/12/23,신규 병원,세종충북,청주 아산웰마취 (https://app.notion.com/p/3b5fd9fcb8cd815cb314c99c479bd1d8?pvs=21),"관리팀 사무장, 구매",이재덕,영업완료,,펜코 카탈로그 드림. 원장님 1월에 뵙게해달라 요청함.,,완료
청주 뿌리병원 정보 수집,2025/12/23,신규 병원,세종충북,청주 뿌리병원 (https://app.notion.com/p/3b5fd9fcb8cd81b185fac4f409ea671f?pvs=21),"관리팀 구매과, 구매",이재덕,영업완료,,하이겐트(Hygent) 피드백 알아보려했으나 아직 이야기 못햇다고함.,,완료
청주 방서미즈닥터 신규 아이템 소개,2025/12/23,신규 병원,세종충북,청주 방서미즈닥터 (https://app.notion.com/p/3b5fd9fcb8cd814dbb17d4c90b92d185?pvs=21),산부인과 원장,이재덕,영업완료,스카노스겔 (https://app.notion.com/p/e8b49e4deb87401e8594f51493a080a6?pvs=21),"소노잴 샘플제공. 사용해보겠다고함. 
[제공 샘플] 소노젤",,완료
제천 한기정obgy 신규 아이템 소개,2025/12/24,신규 병원,세종충북,제천 한기정산부인과 (https://app.notion.com/p/3b5fd9fcb8cd81dfb5bee4665f9333a4?pvs=21),산부인과 원장,이재덕,영업완료,,"베리큐어 디테일, 에이드필름 관심있어하심. 
[제공 샘플] 베리큐어샘플",,완료
제전 연세미즈obgy 정보 수집,2025/12/24,신규 병원,세종충북,제전 연세미즈산부인과 (https://app.notion.com/p/3b5fd9fcb8cd810787d3f6a43abe001b?pvs=21),산부인과 원장,이재덕,영업완료,,면담기다렸으나 환자가 지속적이어서 케잌만 전달드리고옴.,,완료
제천 서울병원 정보 수집,2025/12/24,신규 병원,세종충북,제천 서울병원 (https://app.notion.com/p/3b5fd9fcb8cd81c2b3c4d97b0a2be4b0?pvs=21),"관리팀 구매과, 구매",이재덕,영업완료,,과별방문해도 되다고함. 추후 하이겐트(Hygent)로 디테일 들어갈예정.,,완료
제천 미래obgy 정보 수집,2025/12/24,기존 병원,세종충북,미래산부인과 (https://app.notion.com/p/3b2fd9fcb8cd814c8c1df0966b7437b2?pvs=21),산부인과 원장,이재덕,영업완료,,면담기다렸으나 환자지속적으로 내원하여 사모님만 뵙고 나옴.,,완료
충주 건대병원 정보 수집,2025/12/24,기존 병원,세종충북,건국대학교 충주병원 (https://app.notion.com/p/3c4ee56de1d148f59f4b8f2c63de6f08?pvs=21),"관리팀 구매과, 구매",이재덕,영업완료,,구매과장님 별말없으시다고 하심. 드레싱킷으로 디테일 예정.,,완료
진천 미래마취통증 정보 수집,2025/12/24,신규 병원,세종충북,미래산부인과 (https://app.notion.com/p/3b2fd9fcb8cd814c8c1df0966b7437b2?pvs=21),"관리팀 사무장, 구매",이재덕,영업완료,,원장님이 환자도 많치 안은데 서두른다고 하심. 기회되면 사용해보시겠다고함. 지속방문 예정.,,완료
청주 다나여성병원 정보 수집,2025/12/24,신규 병원,세종충북,청주 다나여성병원 (https://app.notion.com/p/3b5fd9fcb8cd818f8320ecaeaf058d64?pvs=21),"관리팀 사무장, 구매",이재덕,영업완료,,인사 드림. 트로카는 아직 사용전임.,,완료
청주 모태안obgy 납품,2025/12/29,기존 병원,세종충북,모태안여성병원 (https://app.notion.com/p/3b2fd9fcb8cd8155911ec5bd84013f09?pvs=21),"관리팀 구매과, 구매",이재덕,영업완료,,납품,,완료
청주 미즈맘obgy 정보 수집,2025/12/29,기존 병원,서산당진,미즈맘산부인과의원 (https://app.notion.com/p/3b2fd9fcb8cd81eda344f77d3111bddb?pvs=21),"관리팀 사무장, 구매",이재덕,영업완료,,듀얼튤립 디테일 설명. 원장님께 여쭤본다고 함.,,완료
청주 한국뱡원 정보 수집,2025/12/29,기존 병원,세종충북,청주 한국병원 (https://app.notion.com/p/ef784b1524834c199045e535d8e75bdd?pvs=21),일반외과 과장,이재덕,영업완료,,니들홀더 수거하려했으나 못함. 내일 수거할수 있을듯함. 수처(Suture)하는 경우가 거의없다고 함. 타 과 과장님 사용여부 알려주겠다고함.,,완료
청주 마디사랑병원 정보 수집,2025/12/29,신규 병원,세종충북,청주 마디사랑병원 (https://app.notion.com/p/3b5fd9fcb8cd810f949dc3ed4d33b6b5?pvs=21),"관리팀 구매과, 구매",이재덕,영업완료,,이런저런 이야기하다가 테이프는 도와줄수 있을듯하다고함. 에드고,,완료
청주 뿌리병원 정보 수집,2025/12/29,신규 병원,세종충북,청주 뿌리병원 (https://app.notion.com/p/3b5fd9fcb8cd81b185fac4f409ea671f?pvs=21),"관리팀 구매과, 구매",이재덕,영업완료,,하이겐트(Hygent)는 안될것 같다고함. 타제품으로 디테일해볼예정.,,완료
청주 성모병원 정보 수집,2025/12/29,기존 병원,세종충북,청주성모병원 (https://app.notion.com/p/ed182db368ac4f5f8de44f30f7d610ad?pvs=21),"관리팀 구매과, 구매",이재덕,영업완료,,드레싱킷 좋은제품으로 소개드리겠다고 했음. 별 반응은 없음.,,완료
청주 다나여성병원 정보 수집,2025/12/29,신규 병원,세종충북,청주 다나여성병원 (https://app.notion.com/p/3b5fd9fcb8cd818f8320ecaeaf058d64?pvs=21),"관리팀 사무장, 구매",이재덕,영업완료,,트로카 관련 상담함.,,완료
청주 마디사랑병원 정보 수집,2025/12/30,신규 병원,세종충북,청주 마디사랑병원 (https://app.notion.com/p/3b5fd9fcb8cd810f949dc3ed4d33b6b5?pvs=21),"관리팀 구매과, 구매",이재덕,영업완료,,에드고 실리콘 밴드 디테일 설명.,,완료
청주 카톨릭병원 정보 수집,2025/12/30,신규 병원,세종충북,청주 카톨릭병원 (https://app.notion.com/p/3b5fd9fcb8cd81338e7ccb0b0f9a11e2?pvs=21),정형외과 원장,이재덕,영업완료,,면담 안한다고하심. 사무장 보려했으나 다음에 오라고함.,,완료
청주 하나병원 정보 수집,2025/12/30,기존 병원,세종충북,청주 하나병원 (https://app.notion.com/p/00b1783b8c6f4791ba486e1bed98675d?pvs=21),"관리팀 구매과, 구매",이재덕,영업완료,,드레싱킷 나올예정이라고 말함. 나오면 샘플 주기로함.,,완료
청주 해피맘obgy 정보 수집,2025/12/30,신규 병원,세종충북,청주 해피맘산부인과 (https://app.notion.com/p/3b5fd9fcb8cd81949511cef53cb9b9df?pvs=21),"관리팀 사무장, 구매",이재덕,영업완료,,인사차 들름. 자이네콜라(Gynecola) 디테일 설명.,,완료
대전 보훈병원 정보 수집,2025/12/30,신규 병원,대전논산,대전보훈병원 (https://app.notion.com/p/3b5fd9fcb8cd8118b66dc084c526ed37?pvs=21),"관리팀 구매팀공석. 중앙공급실 인사드림., 구매",이재덕,영업완료,,"드레싱킷, 바이크릴 디테일예정.",,완료
보은 한양병원 정보 수집,2025/12/30,신규 병원,세종충북,보은한양병원 (https://app.notion.com/p/3b5fd9fcb8cd81b4b358df27f0e822d8?pvs=21),"관리팀 구매과, 구매",이재덕,영업완료,,인사 드림. 많이 도와달라고 당부함.,,완료
보은 우리os 정보 수집,2025/12/30,신규 병원,세종충북,보은우리정형외과 (https://app.notion.com/p/3b5fd9fcb8cd810d8a4dcd2405eb241f?pvs=21),"관리팀 사무장, 구매",이재덕,영업완료,,드레싱 킷 사용안하고있음. 비급여제폼 싫어한다고 하심.,,완료
청주 방서미즈닥터 견적 상담,2025/12/30,신규 병원,세종충북,청주 방서미즈닥터 (https://app.notion.com/p/3b5fd9fcb8cd814dbb17d4c90b92d185?pvs=21),산부인과 원장 둘.,이재덕,영업완료,,"오 원장님 베리큐어디테일 설명. 스프레이 샘플전달. 박원장 이지큐본드(EzQbond) 주문함. 
[제공 샘플] 베리큐어 스프레이.",,완료
진천 미래통증 정보 수집,2026/01/05,신규 병원,세종충북,미래산부인과 (https://app.notion.com/p/3b2fd9fcb8cd814c8c1df0966b7437b2?pvs=21),"관리팀 부장, 구매",이재덕,영업완료,,니들 견적받음. 추가 아이템 더 랜딩하겠음.,,완료
진천 바른os 신규 아이템 소개,2026/01/05,신규 병원,세종충북,진천 바른정형외과 (https://app.notion.com/p/3b5fd9fcb8cd8107a7b1d3d3ee1cdb0f?pvs=21),"관리팀 사무장, 구매",이재덕,영업완료,,하이소브 디테일 설명. 별반응 없음.,,완료
오창 굿모닝uro 정보 수집,2026/01/05,신규 병원,세종충북,오창 굿모닝비뇨의학과 (https://app.notion.com/p/3b5fd9fcb8cd816c8430e760df72be9d?pvs=21),"관리팀 사무장, 구매",이재덕,영업완료,,"인사 드림, 소공포 디테일 설명.",,완료
청주 서로손병원 정보 수집,2026/01/05,신규 병원,세종충북,청주 서로손병원 (https://app.notion.com/p/3b5fd9fcb8cd816693d6ced582fb2448?pvs=21),Fm 원장,이재덕,영업완료,,병원 소모품 변경해달라고 요청. 아직은 아닌듯함.,,완료
청주 다나여성 정보 수집,2026/01/05,신규 병원,세종충북,청주 다나여성 (https://app.notion.com/p/3b5fd9fcb8cd819d9d3ad149e8bdc51e?pvs=21),"관리팀 사무장, 구매",이재덕,영업완료,,수술들어가서 못뵘.,,완료
청주 하나병원 정보 수집,2026/01/05,기존 병원,세종충북,청주 하나병원 (https://app.notion.com/p/00b1783b8c6f4791ba486e1bed98675d?pvs=21),"관리팀 구매과, 구매",이재덕,영업완료,,하이소브 디테일 설명. 사용중인제품이 있음. 뭔지는 안알려줌.,,완료
청주 한국병원 정보 수집,2026/01/05,기존 병원,세종충북,청주 한국병원 (https://app.notion.com/p/ef784b1524834c199045e535d8e75bdd?pvs=21),"신희용과장, 일반외과 윤창균부원장",이재덕,영업완료,,부원장님 인사 드림. 수술포등 디테일 설명. 니들홀더 수거함. 별다른 평가없음. 타 제품 디테일로 변경예정.,,완료
Cj 아산웰통증 정보 수집,2026/01/06,신규 병원,세종충북,청주 아산웰통증 (https://app.notion.com/p/3b5fd9fcb8cd8174a3dded25646ac64b?pvs=21),"관리팀 사무장, 구매",이재덕,영업완료,,"니들, 공포 디테일 설명. 원장뵈려했으나 시술들어가심 2시간정도 걸린다고함. 다음에 다시트라이하겠음.",,완료
Cj 프라우삼성obgy 정보 수집,2026/01/06,신규 병원,세종충북,청주 프라우삼성산부인과 (https://app.notion.com/p/3b5fd9fcb8cd81e78d1bc1fc77f9b7f1?pvs=21),"관리팀 사무장, 구매",이재덕,영업완료,,인사하러감.,,완료
Cj 하임브릿지os 정보 수집,2026/01/06,신규 병원,세종충북,청주 하임브릿지정형외과 (https://app.notion.com/p/3b5fd9fcb8cd81a7a092f92fc847e997?pvs=21),"관리팀 사무장, 구매",이재덕,영업완료,,원장보려했으나 면담은 안 됨.,,완료
Cj 닥터연여성 정보 수집,2026/01/06,신규 병원,세종충북,청주 닥터연여성 (https://app.notion.com/p/3b5fd9fcb8cd81269537e3cc5a8ac39c?pvs=21),비뇨의학과 팀장,이재덕,영업완료,,이번주 전체 휴무임. 담주 방문하겠음.,,완료
보은 한양병원 샘플 제공,2026/01/06,신규 병원,세종충북,보은한양병원 (https://app.notion.com/p/3b5fd9fcb8cd81b4b358df27f0e822d8?pvs=21),"관리팀 구매과, 구매",이재덕,영업완료,,"드레싱킷 급여 비급여 디테일, 공포 잘라서 샘플로 줬음. 두툼하고 좋다고함.",,완료
옥천 성모병원 샘플 제공,2026/01/06,기존 병원,세종충북,옥천성모병원 (https://app.notion.com/p/1d6490ab72a64fa7a1e874bed8d3ee80?pvs=21),"관리팀 구매과, 구매",이재덕,영업완료,,탭실 디테일 설명.,,완료
대전 보훈병원 정보 수집,2026/01/06,신규 병원,대전논산,대전보훈병원 (https://app.notion.com/p/3b5fd9fcb8cd8118b66dc084c526ed37?pvs=21),"관리팀 중앙공급실, 구매",이재덕,영업완료,,"과장님은 못뵙, 입구간호사, 수간호사 통해서 약속잡아야 볼수있을듯함. 치열할듯함.",,완료
제천 미래obgy 정보 수집,2026/01/07,기존 병원,세종충북,미래산부인과 (https://app.notion.com/p/3b2fd9fcb8cd814c8c1df0966b7437b2?pvs=21),산부인과 원장,이재덕,영업완료,,자이내콜라 디테일 설명. 랜딩에 시간이걸릴듯함.,,완료
제천 서울병원 정보 수집,2026/01/07,신규 병원,세종충북,제천 서울병원 (https://app.notion.com/p/3b5fd9fcb8cd81c2b3c4d97b0a2be4b0?pvs=21),"관리팀 구매과, 구매",이재덕,영업완료,,맘모톰 여부확인함. 안하고있음. 미래원장이 부탁함. 교체 가능하이템 있으면 알아봐달라고 부탁함.,,완료
제천 연세미즈obgy 반품,2026/01/07,신규 병원,세종충북,제천연세미즈산부인과 (https://app.notion.com/p/3b5fd9fcb8cd81319d23cc6f3fa1ae21?pvs=21),산부인과 간호사,이재덕,영업완료,,반품수거. 바이옵시는 타사납품 섞여있었음. 면담은 안 됨.,,완료
제천 조성우im 신규 아이템 소개,2026/01/07,신규 병원,세종충북,제천 조성우내과 (https://app.notion.com/p/3b5fd9fcb8cd816ab076ef85e0ea8931?pvs=21),Im 원장,이재덕,영업완료,,베리큐어 크림 디테일 설명. 사용해보겠다고 하심.,,완료
제천 한기정obgy 신규 아이템 소개,2026/01/07,신규 병원,세종충북,제천 한기정산부인과 (https://app.notion.com/p/3b5fd9fcb8cd81dfb5bee4665f9333a4?pvs=21),산부인과 원장,이재덕,영업완료,,자이네콜라(Gynecola) 디테일 설명. 약간망설임. 베리큐어크림 샘플드림. 발라보겠다고 함.,,완료
충주 건국대병원 정보 수집,2026/01/07,기존 병원,세종충북,건국대학교 충주병원 (https://app.notion.com/p/3c4ee56de1d148f59f4b8f2c63de6f08?pvs=21),"관리팀 구매과, 구매",이재덕,영업완료,,새해인사함. 샘플주면 과장한테 주는데 별반응 없음. 과장은 직 면담이 안 됨.,,완료
진천 미래마취통증 정보 수집,2026/01/07,신규 병원,세종충북,미래산부인과 (https://app.notion.com/p/3b2fd9fcb8cd814c8c1df0966b7437b2?pvs=21),"관리팀 사무장, 구매",이재덕,영업완료,,견적서 재발행요청. 온라인가격비교시 동가격이면 주문하겠다고함. 공포는 좋다고함.,,완료
Cj 다나여성병원 정보 수집,2026/01/07,신규 병원,세종충북,청주 다나여성병원 (https://app.notion.com/p/3b5fd9fcb8cd818f8320ecaeaf058d64?pvs=21),"관리팀 사무장, 구매",이재덕,영업완료,,트로카 예기하려 했으나 부재중임. 전화하긴 그래서 금요일날 재방문 예정임.,,완료
Cj 새빛병원 정보 수집,2026/01/07,신규 병원,세종충북,청주 새빛병원 (https://app.notion.com/p/3b5fd9fcb8cd81c9a9eccac19e3a6eaa?pvs=21),"관리팀 사무장, 구매",이재덕,영업완료,,면담안 됨. 간호사 선에서 컷됨.,,완료
충북대 팍스연동,2026/01/08,기존 병원,세종충북,충북대학교병원 (https://app.notion.com/p/ba520b40010143dfae0d3ff058b73012?pvs=21),비뇨의학과 문성민과장,이은필,영업완료,,자산으로 등록되어있지 않아서 팍스불가,,완료
Cj 방서미즈맘 정보 수집,2026/01/08,신규 병원,세종충북,청주 방서미즈맘 (https://app.notion.com/p/3b5fd9fcb8cd81ba94cbd96f77de35fa?pvs=21),"관리팀 간호사, 구매",이재덕,영업완료,,베리큐어 제공. 하이소브 주문예정,,완료
Cj 삼성의원 샘플 제공,2026/01/08,신규 병원,세종충북,청주 삼성의원 (https://app.notion.com/p/3b5fd9fcb8cd8129bba9d352b5336277?pvs=21),Gp 원장,이재덕,영업완료,,시골이라 노인환자 많음. 베리큐어 디테일 설명. 관심있어함.,,완료
Cj 효성병원 정보 수집,2026/01/08,기존 병원,세종충북,청주효성병원 (https://app.notion.com/p/4ed256ac06214acc9c65ebb903123c3c?pvs=21),"관리팀 구매과, 구매",이재덕,영업완료,,새해인사함. 탭실 디테일 설명. 사용제품 있다고함.,,완료
Cj 탑병원 정보 수집,2026/01/08,신규 병원,세종충북,청주탑병원 (https://app.notion.com/p/3b5fd9fcb8cd81099e2adcbba17ae8c9?pvs=21),"관리팀 사무장, 구매",이재덕,영업완료,,인사차 방문. 전납사 있으니 방문 안하셔도 된다고함.,,완료
Cj 마디사랑병원 정보 수집,2026/01/08,신규 병원,세종충북,청주 마디사랑병원 (https://app.notion.com/p/3b5fd9fcb8cd810f949dc3ed4d33b6b5?pvs=21),"관리팀 구매과, 구매",이재덕,영업완료,,애드고 제품 내일 심사한다고 함. 탑병원 정보물어봄. 타사분들도 같은 이유로 방문 안한다고 함.,,완료
Cj 카톨릭병원 정보 수집,2026/01/08,신규 병원,세종충북,청주 카톨릭병원 (https://app.notion.com/p/3b5fd9fcb8cd81338e7ccb0b0f9a11e2?pvs=21),"관리팀 사무장, 구매",이재덕,영업완료,,바쁘다고 담에 오시라고함.,,완료
Cj 가경유항gs 정보 수집,2026/01/08,신규 병원,세종충북,청주 가경유항외과 (https://app.notion.com/p/3b5fd9fcb8cd81199de2c5fc92a6f37f?pvs=21),일반외과 원장,이재덕,영업완료,,드레싱킷 디테일 설명. 일회용은 아직 생각없다고함.,,완료
Cj 유로센터uro 정보 수집,2026/01/08,기존 병원,세종충북,유로센터비뇨기과 (https://app.notion.com/p/66c5580992924199b3c8abdcb3021407?pvs=21),"관리팀 사무장, 구매",이재덕,영업완료,,공포 디테일 설명. 사용하는 업체있다고함. 두톰해서 좋다고함. 더 방문해 보겠음.,,완료
보은 한양병원 정보 수집,2026/01/09,신규 병원,세종충북,보은한양병원 (https://app.notion.com/p/3b5fd9fcb8cd81b4b358df27f0e822d8?pvs=21),"관리팀 구매과, 구매",이재덕,영업완료,,드레싱킷 말씀드렸다고함. 그 외 품목 랜딩노력 하겠음.,,완료
보은 복ns 정보 수집,2026/01/11,신규 병원,세종충북,보은 복신경외과 (https://app.notion.com/p/3b5fd9fcb8cd814fb5becadeb7dfbd29?pvs=21),Ns 원장,이재덕,영업완료,,면담 안 됨.,,완료
보은 우리os 정보 수집,2026/01/09,신규 병원,세종충북,보은우리정형외과 (https://app.notion.com/p/3b5fd9fcb8cd810d8a4dcd2405eb241f?pvs=21),"관리팀 사무장, 구매",이재덕,영업완료,,드레싱킷 설명드림. 급여제품 디테일 설명.,,완료
Cj 방서미즈닥터 샘플 제공,2026/01/09,신규 병원,세종충북,청주 방서미즈닥터 (https://app.notion.com/p/3b5fd9fcb8cd814dbb17d4c90b92d185?pvs=21),산부인과 원장,이재덕,영업완료,,펜코 소노겔 디테일 설명. 사욯알것 같으나 많치는 안음. 멸균제품 찾고있었다고 함.,,완료
Cj 한국병원 정보 수집,2026/01/09,기존 병원,세종충북,청주 한국병원 (https://app.notion.com/p/ef784b1524834c199045e535d8e75bdd?pvs=21),일반외과 진료원장님,이재덕,영업완료,,트로카 디테일 설명. 세종꺼 사용하신다고 다른거 있음 가져와보라고 하심.,,완료
Cj 다나여성병원 샘플 제공,2026/01/09,신규 병원,세종충북,청주 다나여성병원 (https://app.notion.com/p/3b5fd9fcb8cd818f8320ecaeaf058d64?pvs=21),"관리팀 사무장, 구매",이재덕,영업완료,,트로카 샘플제공.,,완료
Cj 마디사랑병원 견적 상담,2026/01/09,신규 병원,세종충북,청주 마디사랑병원 (https://app.notion.com/p/3b5fd9fcb8cd810f949dc3ed4d33b6b5?pvs=21),"관리팀 구매과, 구매",이재덕,영업완료,,견적서 제출.,,완료
엠에스 베리큐어,2026/01/12,기존 병원,세종충북,엠에스여성의원 (https://app.notion.com/p/3b2fd9fcb8cd81718778d8073602d2c4?pvs=21),산부인과 민승기원장,이은필,영업완료,베리큐어 로션 (https://app.notion.com/p/3b2fd9fcb8cd8179acade5859e6bd7b0?pvs=21),"베리큐어브로셔 및 설명
[비고] 있으면 좋다고하시는데
1층에 제약사에서 비슷한거 하고있음 행정부장을 만나야함
[제공 샘플] 베리큐어 로션 크림",,완료
Cj 마디사랑병원 납품,2026/01/12,신규 병원,세종충북,청주 마디사랑병원 (https://app.notion.com/p/3b5fd9fcb8cd810f949dc3ed4d33b6b5?pvs=21),"관리팀 구매과, 구매, 행정이사",이재덕,영업완료,,에드고테이프 납품. 애드고 픽스테이프 납품예정.,,완료
Cj 뿌리병원 신규 아이템 소개,2026/01/12,신규 병원,세종충북,청주 뿌리병원 (https://app.notion.com/p/3b5fd9fcb8cd81b185fac4f409ea671f?pvs=21),"관리팀 구매과, 구매",이재덕,영업완료,,탭실 디테일 설명. 사용중인제품 있으며 변경이 쉽지 안다고함.,,완료
Cj 하나병원 신규 아이템 소개,2026/01/12,기존 병원,세종충북,청주 하나병원 (https://app.notion.com/p/00b1783b8c6f4791ba486e1bed98675d?pvs=21),"관리팀 구매과, 구매",이재덕,영업완료,,"탭실, 실리콘테이프 디테일 설명.",,완료
Cj 씨엔씨재활 정보 수집,2026/01/12,신규 병원,세종충북,청주 씨엔씨재활 (https://app.notion.com/p/3b5fd9fcb8cd8150944df3dc6d275bfa?pvs=21),Fm 원장,이재덕,영업완료,,인사드리러감.,,완료
Cj 미앤유gs 정보 수집,2026/01/12,신규 병원,세종충북,청주 미앤유외과 (https://app.notion.com/p/3b5fd9fcb8cd8177a266c075c5dea93e?pvs=21),일반외과 원장,이재덕,영업완료,,면담안 됨.,,완료
Cj 미즈맘obgy 정보 수집,2026/01/12,기존 병원,서산당진,미즈맘산부인과의원 (https://app.notion.com/p/3b2fd9fcb8cd81eda344f77d3111bddb?pvs=21),"관리팀 사무장, 구매",이재덕,영업완료,,펜코제품 디테일 설명. 변경하기 어렵다고함.,,완료
Cj 프라우삼성obgy 정보 수집,2026/01/13,신규 병원,세종충북,청주 프라우삼성산부인과 (https://app.notion.com/p/3b5fd9fcb8cd81e78d1bc1fc77f9b7f1?pvs=21),산부인과 사무장,이재덕,영업완료,,탭실 디테일 설명.,,완료
Cj 하임브릿지os 정보 수집,2026/01/13,신규 병원,세종충북,청주 하임브릿지정형외과 (https://app.notion.com/p/3b5fd9fcb8cd81a7a092f92fc847e997?pvs=21),"관리팀 사무장, 구매",이재덕,영업완료,,"원장 면담은 안 됨, 공포 디테일 설명함.",,완료
Cj 닥터연여성obgy 정보 수집,2026/01/13,신규 병원,세종충북,청주 닥터연여성산부인과 (https://app.notion.com/p/3b5fd9fcb8cd817ca519ec5731218452?pvs=21),산부인과 원장,이재덕,영업완료,,인사 드림. 원내 소모폼곤련 디테일 설명함. 듀얼튤립외 디테일 설명.,,완료
Cj 방서미즈닥터 샘플 제공,2026/01/13,신규 병원,세종충북,청주 방서미즈닥터 (https://app.notion.com/p/3b5fd9fcb8cd814dbb17d4c90b92d185?pvs=21),산부인과 원장,이재덕,영업완료,,"베리큐어 크림 제공, 사용해보니 좋다고하심, 스프레이 사용해보기로 함.",,완료
Cj 한국병원 정보 수집,2026/01/13,기존 병원,세종충북,청주 한국병원 (https://app.notion.com/p/ef784b1524834c199045e535d8e75bdd?pvs=21),일반외과 과장,이재덕,영업완료,,트로카 디테일 설명. 샘플 드리려했으나 다른데 사용하라고 하심. 세종하고 거래가 탄탄해보임.,,완료
Cj 마이크로병원 정보 수집,2026/01/13,신규 병원,세종충북,청주 마이크로병원 (https://app.notion.com/p/3b5fd9fcb8cd815f8d4ee81fd80de469?pvs=21),"관리팀 구매과, 구매",이재덕,영업완료,,하이겐트(Hygent) 디테일해봄. 사용계획 없다고함.,,완료
하안유 신규 아이템 소개,2026/01/14,기존 병원,세종충북,하안유산부인과 (https://app.notion.com/p/3b2fd9fcb8cd8100aa5fc71251e36c0b?pvs=21),산부인과 안수영실장,이은필,영업완료,베리큐어 스프레이 100ml (https://app.notion.com/p/100ml-3b2fd9fcb8cd8122b51be1538bdb80c7?pvs=21),"베리큐어신규제품
[비고] 브로셔및심플전달 관심있음
[다음 방문 예정일] 2026/01/16
[제공 샘플] 베리큐어",,완료
Cj 마디사랑병원 정보 수집,2026/01/14,신규 병원,세종충북,청주 마디사랑병원 (https://app.notion.com/p/3b5fd9fcb8cd810f949dc3ed4d33b6b5?pvs=21),"관리팀 구매과, 구매",이재덕,영업완료,,"하이소브 디테일, 아직 테스트중임.",,완료
Cj 뿌리병원 정보 수집,2026/01/14,신규 병원,세종충북,청주 뿌리병원 (https://app.notion.com/p/3b5fd9fcb8cd81b185fac4f409ea671f?pvs=21),"관리팀 구매과, 구매",이재덕,영업완료,,"하이겐트(Hygent) 디테일, 과장님들 직접면담 병원ㅅ상이 못하게함. 병원장라인을 타야되는데 아직은 어려움.",,완료
Cj 서로손병원 샘플 제공,2026/01/14,신규 병원,세종충북,청주 서로손병원 (https://app.notion.com/p/3b5fd9fcb8cd816693d6ced582fb2448?pvs=21),Fm 원장,이재덕,영업완료,,"베리큐어 디테일, 환자 설며부담스럽다함. 코디에게 물어보겠다고 하심.",,완료
Cj 다나여성병원 샘플 제공,2026/01/14,신규 병원,세종충북,청주 다나여성병원 (https://app.notion.com/p/3b5fd9fcb8cd818f8320ecaeaf058d64?pvs=21),"관리팀 사무장, 구매",이재덕,영업완료,,"엔도백 디테일, 100미리 사용한다함. 샘플200미리, 트로카 아직 사용전.",,완료
Cj 닥터연여성 정보 수집,2026/01/14,신규 병원,세종충북,청주 닥터연여성 (https://app.notion.com/p/3b5fd9fcb8cd81269537e3cc5a8ac39c?pvs=21),산부인과 원장,이재덕,영업완료,,오늘 면담은안 됨. 팀장에게 베라큐어 샘플제공함.,,완료
보은 한양병원 정보 수집,2026/01/14,신규 병원,세종충북,보은한양병원 (https://app.notion.com/p/3b5fd9fcb8cd81b4b358df27f0e822d8?pvs=21),"관리팀 구매과, 구매",이재덕,영업완료,,"Os 과장님 오심, 면담은 못한다고 함. 공포외 디테일 설명.",,완료
담소유 신규 아이템 소개,2026/01/15,기존 병원,서울경기,담소유병원 (https://app.notion.com/p/3b2fd9fcb8cd8189b20fed5f65b5992d?pvs=21),일반외과 간호부장,이은필,영업완료,,"베리큐어브로셔
[비고] 베리큐어제품전체 견적서요청
[다음 방문 예정일] 2026/01/20",,완료
Cj 성모병원 납품,2026/01/15,기존 병원,세종충북,청주성모병원 (https://app.notion.com/p/ed182db368ac4f5f8de44f30f7d610ad?pvs=21),"관리팀 구매과, 구매",이재덕,영업완료,,납품,,완료
Cj 고은obgy 정보 수집,2026/01/15,신규 병원,세종충북,청주 고은산부인과 (https://app.notion.com/p/3b5fd9fcb8cd8199a30ad497870a7183?pvs=21),산부인과 원장,이재덕,영업완료,,인사 드림,,완료
Cj 신세계os 정보 수집,2026/01/15,신규 병원,세종충북,청주 신세계정형외과 (https://app.notion.com/p/3b5fd9fcb8cd813c82e7fa20fadff02c?pvs=21),정형외과 원장,이재덕,영업완료,,인사 드림,,완료
Cj 방서미즈닥터 샘플 제공,2026/01/15,신규 병원,세종충북,청주 방서미즈닥터 (https://app.notion.com/p/3b5fd9fcb8cd814dbb17d4c90b92d185?pvs=21),산부인과 원장,이재덕,영업완료,,베리큐어크림 선물로드림. 스프레이 빨리받았으면하심.,,완료
세종제일 신규 아이템 소개,2026/01/16,신규 병원,대전논산,세종제일 (https://app.notion.com/p/3b5fd9fcb8cd81eebdabc256923aada5?pvs=21),산부인과 수간호사,이은필,영업완료,베리큐어 스프레이 100ml (https://app.notion.com/p/100ml-3b2fd9fcb8cd8122b51be1538bdb80c7?pvs=21),"황도연대표와 미팅응해야함
[비고] 다음주에미팅잡을예정
[다음 방문 예정일] 2026/01/21",,완료
메종플로라산후조리원 좌욕기,2026/01/16,신규 병원,서울경기,메종플로라산후조리원 (https://app.notion.com/p/3b5fd9fcb8cd81978955fd805cfadc76?pvs=21),산후조리원 실장,이은필,영업완료,,"조리원좌욕기영업
[비고] 현재좌욕기없음 개별좌욕실도 없음
[다음 방문 예정일] 2026/01/21",,완료
모태안 신규 아이템 소개,2026/01/16,기존 병원,세종충북,모태안여성병원 (https://app.notion.com/p/3b2fd9fcb8cd8155911ec5bd84013f09?pvs=21),산부인과 외래,이은필,영업완료,,"베리큐어
[비고] 원장님은 만나지못하고(박철종) 외래전달 다음주예약하고 만날예정
[다음 방문 예정일] 2026/01/21",,완료
"청담,유엔비,쉬즈메디,오월납품 납품",2026/01/19,신규 병원,서울경기,"청담,유엔비,쉬즈메디,오월납품 (https://app.notion.com/p/3b5fd9fcb8cd8113ad60fedcc57f1290?pvs=21)",산부인과,이은필,영업완료,,,,완료
하안유 내일방문예정,2026/01/20,기존 병원,세종충북,하안유산부인과 (https://app.notion.com/p/3b2fd9fcb8cd8100aa5fc71251e36c0b?pvs=21),산부인과 안수영실장,이은필,영업완료,,자궁거상기 및 가영제품 훅으로 준비,,완료
마디사랑병원 정보 수집,2026/01/19,신규 병원,세종충북,마디사랑병원 (https://app.notion.com/p/3b5fd9fcb8cd819082a8cd2c666e0e4a?pvs=21),"관리팀 구매과, 구매",이재덕,영업완료,,하이소브 차이점모르겠다고함. 실리콘 강조함.,,완료
뿌리병원 정보 수집,2026/01/19,신규 병원,세종충북,뿌리병원 (https://app.notion.com/p/3b5fd9fcb8cd81f39984c99b28445d1b?pvs=21),"관리팀 구매과, 구매",이재덕,영업완료,,원장님을 뵈야겠음. 구매과애는 좀 친해졌는데 애가 어려서그런지 권한이 없음. 원장 보도록 노력하겠음.,,완료
청주 마이크로병원 신규 아이템 소개,2026/01/19,신규 병원,세종충북,청주 마이크로병원 (https://app.notion.com/p/3b5fd9fcb8cd815f8d4ee81fd80de469?pvs=21),"관리팀 구매과, 구매",이재덕,영업완료,,공포외 디데일. 간납처 있어 어렵다고함.,,완료
청주 가경유항외과 정보 수집,2026/01/19,신규 병원,세종충북,청주 가경유항외과 (https://app.notion.com/p/3b5fd9fcb8cd81199de2c5fc92a6f37f?pvs=21),일반외과 원장,이재덕,영업완료,,루미정보 알아봄. Co2루미가 어떤지 물어봄. 신기하다고함. 수술시간 단축된다고 말함.,,완료
진천우리마취통증 정보 수집,2026/01/19,신규 병원,세종충북,진천우리마취통증 (https://app.notion.com/p/3b5fd9fcb8cd815d9248f2b2dd9a4e22?pvs=21),"관리팀 사무장, 구매",이재덕,영업완료,,목요일 원장 뵙기로함.,,완료
진천 바른os 정보 수집,2026/01/19,신규 병원,세종충북,진천 바른정형외과 (https://app.notion.com/p/3b5fd9fcb8cd8107a7b1d3d3ee1cdb0f?pvs=21),정형외과 사무장,이재덕,영업완료,,공포 외 디데일.,,완료
오창 호수h 정보 수집,2026/01/19,신규 병원,세종충북,오창 호수h (https://app.notion.com/p/h-3b5fd9fcb8cd813692ddedb810e6788e?pvs=21),정형외과 간호사,이재덕,영업완료,,1원장 24일까지 휴가감.,,완료
청주 하임브릿지os 정보 수집,2026/01/19,신규 병원,세종충북,청주 하임브릿지정형외과 (https://app.notion.com/p/3b5fd9fcb8cd81a7a092f92fc847e997?pvs=21),정형외과 사무장,이재덕,영업완료,,공포 디데일. 거래업체 물어봤으나 알려주진 않음.,,완료
하안유 납품,2026/01/20,기존 병원,세종충북,하안유산부인과 (https://app.notion.com/p/3b2fd9fcb8cd8100aa5fc71251e36c0b?pvs=21),산부인과 한지아수쌤,이은필,영업완료,,"이지업2개 셕션1개(훅) 바이크릴
[비고] 바이크릴관련해서 간단히 설명",,완료
Cj 마디사랑병원 정보 수집,2026/01/20,신규 병원,세종충북,청주 마디사랑병원 (https://app.notion.com/p/3b5fd9fcb8cd810f949dc3ed4d33b6b5?pvs=21),"관리팀 구매과, 구매",이재덕,영업완료,,"하이솝 디테일, 바이크릴 데모예정",,완료
Cj cnc 재활병원 정보 수집,2026/01/20,신규 병원,세종충북,청주 cnc 재활병원 (https://app.notion.com/p/cnc-3b5fd9fcb8cd81088360d9f8a7fd6a75?pvs=21),재활 원장,이재덕,영업완료,,인사드리러감.,,완료
Cj 하나병원 정보 수집,2026/01/20,기존 병원,세종충북,청주 하나병원 (https://app.notion.com/p/00b1783b8c6f4791ba486e1bed98675d?pvs=21),"관리팀 구매과, 구매",이재덕,영업완료,,팀장부재중이라 주임에게 바이그릴 디테일 설명.,,완료
청주 성모병원 정보 수집,2026/01/20,기존 병원,세종충북,청주성모병원 (https://app.notion.com/p/ed182db368ac4f5f8de44f30f7d610ad?pvs=21),"관리팀 구매과, 구매",이재덕,영업완료,,바이크릴 디테일 설명. 관심많음.,,완료
Cj 한국병원 정보 수집,2026/01/20,기존 병원,세종충북,청주 한국병원 (https://app.notion.com/p/ef784b1524834c199045e535d8e75bdd?pvs=21),"관리팀 구매과, 구매",이재덕,영업완료,,"바이크릴 디테일, 과장님중 사용하신다하면 간납해달라고함.",,완료
Cj 한국병원 정보 수집,2026/01/20,기존 병원,세종충북,청주 한국병원 (https://app.notion.com/p/ef784b1524834c199045e535d8e75bdd?pvs=21),일반외과 과장,이재덕,영업완료,,"라파렉스 전달, 바이크릴 디테일, 사용하시는 제품 확인후 알려주겠다고함.",,완료
서산중앙 신규 아이템 소개,2026/01/21,기존 병원,서산당진,서산중앙병원 (https://app.notion.com/p/96fda86d9e5447878e3c62e2131a2304?pvs=21),"관리팀 성윤제과장, 구매",이은필,영업완료,,"메타소브 브로셔 및 설명
[다음 방문 예정일] 2026/01/23",,완료
서산의료원 신규 아이템 소개,2026/01/21,기존 병원,서산당진,서산의료원 (https://app.notion.com/p/4da1229fe23e43628bf3b956c31894e6?pvs=21),"관리팀, 구매",이은필,영업완료,,"메타소브관련 총무팀 문의드렸으나, 담당자 회의중으로 미팅안 됨 브로셔만 전달
[다음 방문 예정일] 2026/01/23",,완료
서산본병원 신규 아이템 소개,2026/01/21,신규 병원,서산당진,서산본병원 (https://app.notion.com/p/3b5fd9fcb8cd8123a43cc73d88054776?pvs=21),정형외과 간납사 및 수술방 방장미틴,이은필,영업완료,,"메타소브관련 설명함. 간납사7프로 나감
[다음 방문 예정일] 2026/01/23",,완료
제천 명지병원 신규 아이템 소개,2026/01/21,신규 병원,세종충북,제천명지병원 (https://app.notion.com/p/3b5fd9fcb8cd811f81d5cccde2960431?pvs=21),"관리팀 구매과, 구매",이재덕,영업완료,,"바이크릴 디테일, 팀장에게 물어봤으나 별다른 코멘트는 없었음.",,완료
제천 서울병원 신규 아이템 소개,2026/01/21,신규 병원,세종충북,제천 서울병원 (https://app.notion.com/p/3b5fd9fcb8cd81c2b3c4d97b0a2be4b0?pvs=21),"관리팀 구매과, 구매",이재덕,영업완료,,"바이크릴 디테일, 수술방에 전달하겠다고함.",,완료
제천 킴스os 신규 아이템 소개,2026/01/21,신규 병원,세종충북,제천 킴스정형외과 (https://app.notion.com/p/3b5fd9fcb8cd813b86dbe767e79f6d5c?pvs=21),정형외과 원장,이재덕,영업완료,,"베리큐어 디테일, 간호사는 호응이좋음.",,완료
제천 조성우내과 정보 수집,2026/01/21,신규 병원,세종충북,제천 조성우내과 (https://app.notion.com/p/3b5fd9fcb8cd816ab076ef85e0ea8931?pvs=21),내과 원장,이재덕,영업완료,,"베리큐어 디테일, 제품받았지만 판매 자신없다고함.",,완료
제천 한기정obgy 신규 아이템 소개,2026/01/21,신규 병원,세종충북,제천 한기정산부인과 (https://app.notion.com/p/3b5fd9fcb8cd81dfb5bee4665f9333a4?pvs=21),산부인과 원장,이재덕,영업완료,,베리큐어 디테일 설명. 잘하면 랜딩될수 있을듯함.,,완료
제천 서울os 정보 수집,2026/01/21,신규 병원,세종충북,제천 서울정형외과 (https://app.notion.com/p/3b5fd9fcb8cd8173b09eed6fe610ec38?pvs=21),정형외과 원장,이재덕,영업완료,,원장님 간호사 컷당했었음. 원장 복도에서 마주침. 간납처있다고하심.,,완료
단양 보건소 정보 수집,2026/01/21,신규 병원,세종충북,단양보건소 (https://app.notion.com/p/3b5fd9fcb8cd816bb92be66222bf31a1?pvs=21),"관리팀 구매팀, 구매",이재덕,영업완료,,Er 닥터5명임. 도매는 지역내 업체 2곳에서 전체 납품받고있다고함.,,완료
단양 늘편한os 신규 아이템 소개,2026/01/21,신규 병원,세종충북,단양 늘편한정형외과 (https://app.notion.com/p/3b5fd9fcb8cd8160a65ee96538254798?pvs=21),정형외과 원장,이재덕,영업완료,,처음 만나봄. 그동안 간호사 컷당했음. 인사 드림.,,완료
충주 건대병원 신규 아이템 소개,2026/01/21,기존 병원,세종충북,건국대학교 충주병원 (https://app.notion.com/p/3c4ee56de1d148f59f4b8f2c63de6f08?pvs=21),"관리팀 구매과, 구매",이재덕,영업완료,,바이크릴 디테일 설명. 팀장님께 보고한다고 함.,,완료
세종 서산부인과 신규 아이템 소개,2026/01/22,신규 병원,대전논산,세종 서산부인과 (https://app.notion.com/p/3b5fd9fcb8cd81daa54ef65eb2aea168?pvs=21),산부인과 행정실장,이은필,영업완료,,"베리큐어 및 메타소브
[비고] 메타소브는살짝관심보이는듯하나 베리큐어는 바쁘다고거절함
[다음 방문 예정일] 2026/01/22",,완료
세종제일 신규 아이템 소개,2026/01/22,신규 병원,대전논산,세종제일 (https://app.notion.com/p/3b5fd9fcb8cd81eebdabc256923aada5?pvs=21),산부인과 외래,이은필,영업완료,,황도연대표가 외래에두면 원장님이랑 보겠다고하여메타소브 및 베리큐어 브로셔 설명함,,완료
모태안 신규 아이템 소개,2026/01/22,기존 병원,세종충북,모태안여성병원 (https://app.notion.com/p/3b2fd9fcb8cd8155911ec5bd84013f09?pvs=21),산부인과 박철종원장님 긴급수술로 미팅못함,이은필,영업완료,,[다음 방문 예정일] 2026/01/22,,완료
청주의료원 신규 아이템 소개,2026/01/22,기존 병원,세종충북,청주의료원 (https://app.notion.com/p/3b2fd9fcb8cd81c5a6aaf095c6e24261?pvs=21),의료원 공급실방장샘,이은필,영업완료,,"수술방수선생님연차로 다음에 미팅하기로 하고, 필터수액섹트관련해서 샘플요청하심",,완료
Cj 미앤유gs 신규 아이템 소개,2026/01/22,신규 병원,세종충북,청주 미앤유외과 (https://app.notion.com/p/3b5fd9fcb8cd8177a266c075c5dea93e?pvs=21),일반외과 원장,이재덕,영업완료,,면담안 됨.,,완료
Cj 해피맘obgy 정보 수집,2026/01/22,신규 병원,세종충북,청주 해피맘산부인과 (https://app.notion.com/p/3b5fd9fcb8cd81949511cef53cb9b9df?pvs=21),"관리팀 사무장, 구매",이재덕,영업완료,,자이네콜라(Gynecola) 베리큐어 디테일 설명.,,완료
Cj 새빛병원 정보 수집,2026/01/22,신규 병원,세종충북,청주 새빛병원 (https://app.notion.com/p/3b5fd9fcb8cd81c9a9eccac19e3a6eaa?pvs=21),"관리팀 사무장, 구매",이재덕,영업완료,,"바이크릴 디테일, 바이크릴플러스 잘쓰고있다함.",,완료
Cj 방서미스닥터 정보 수집,2026/01/22,신규 병원,세종충북,청주 방서미스닥터 (https://app.notion.com/p/3b5fd9fcb8cd81bb9fe6f151652abb0b?pvs=21),산부인과 원장,이재덕,영업완료,,"베리큐어 dp보드 전달, 브레스트 관련 실제봐 알것같다고하심.",,완료
진천 우리마취통증 정보 수집,2026/01/22,신규 병원,세종충북,진천우리마취통증 (https://app.notion.com/p/3b5fd9fcb8cd815d9248f2b2dd9a4e22?pvs=21),"관리팀 사무장, 구매, 원장",이재덕,영업완료,,"니들 외 디테일, 살펴보고 연락주겠다고함.",,완료
진천 중앙제일병원 납품,2026/01/22,신규 병원,세종충북,진천 중앙제일병원 (https://app.notion.com/p/3b5fd9fcb8cd81ffb993e4f28cb46c4a?pvs=21),"관리팀 구매과, 구매",이재덕,영업완료,,,,완료
음성 태성병원 신규 아이템 소개,2026/01/22,신규 병원,세종충북,음성 태성병원 (https://app.notion.com/p/3b5fd9fcb8cd81f5a439fdf05416d4a8?pvs=21),"관리팀 구매과, 구매",이재덕,영업완료,,"바이크릴 디테일, 별반응 없음.",,완료
음성 무척편한os 정보 수집,2026/01/22,신규 병원,세종충북,음성무척편한정형외과 (https://app.notion.com/p/3b5fd9fcb8cd81609d2efcfe327a83dd?pvs=21),"관리팀 사무장, 구매",이재덕,영업완료,,"펜코 카탈로그 소모품 디테일, 살펴보겠다고함.",,완료
Cj 정성im 정보 수집,2026/01/23,신규 병원,세종충북,청주 정성내과 (https://app.notion.com/p/3b5fd9fcb8cd811ebe33ff1995da97ad?pvs=21),Im 원장,이재덕,영업완료,,수액셋트 디테일,,완료
보은 한양병원 정보 수집,2026/01/23,신규 병원,세종충북,보은한양병원 (https://app.notion.com/p/3b5fd9fcb8cd81b4b358df27f0e822d8?pvs=21),"관리팀 구매과, 구매",이재덕,영업완료,,중앙공급실 설치예정. 비이크릴 디테일,,완료
보은 우리os 정보 수집,2026/01/23,신규 병원,세종충북,보은우리정형외과 (https://app.notion.com/p/3b5fd9fcb8cd810d8a4dcd2405eb241f?pvs=21),"관리팀 사무장, 구매",이재덕,영업완료,,인사차 방문,,완료
옥천 성모병원 신규 아이템 소개,2026/01/23,기존 병원,세종충북,옥천성모병원 (https://app.notion.com/p/1d6490ab72a64fa7a1e874bed8d3ee80?pvs=21),"관리팀 구매과, 구매",이재덕,영업완료,,바이크릴 샘플제공,,완료
Cj 효성병원 신규 아이템 소개,2026/01/23,기존 병원,세종충북,청주효성병원 (https://app.notion.com/p/4ed256ac06214acc9c65ebb903123c3c?pvs=21),"관리팀 구매과, 구매",이재덕,영업완료,,바이크릴 디테일,,완료
청주 21세기병원 신규 아이템 소개,2026/01/23,신규 병원,세종충북,청주21세기병원 (https://app.notion.com/p/21-3b5fd9fcb8cd811c956cd4c532c429a2?pvs=21),"관리팀 구매과, 구매",이재덕,영업완료,,바이크릴 디테일,,완료
Cj 다나여성병원 정보 수집,2026/01/23,신규 병원,세종충북,청주 다나여성병원 (https://app.notion.com/p/3b5fd9fcb8cd818f8320ecaeaf058d64?pvs=21),"관리팀 사무장, 구매",이재덕,영업완료,,시간맞춰갔으나 수술2건이라 못봄. 재방문예정,,완료
세종시온산후조리원 수리,2026/01/26,신규 병원,대전논산,세종시온산후조리원 (https://app.notion.com/p/3b5fd9fcb8cd8148829dd60f205ac06e?pvs=21),조리원 부원장,이은필,영업완료,,"좌욕기 8대 설치요청
[비고] 입금확인되면 설치할예정
[다음 방문 예정일] 2026/01/28",,완료
충주 건대 정보 수집,2026/01/26,기존 병원,세종충북,건국대학교 충주병원 (https://app.notion.com/p/3c4ee56de1d148f59f4b8f2c63de6f08?pvs=21),비뇨의학과 김홍섭 교수,이재덕,영업완료,,인사 드림,,완료
충주 건대 정보 수집,2026/01/26,기존 병원,세종충북,건국대학교 충주병원 (https://app.notion.com/p/3c4ee56de1d148f59f4b8f2c63de6f08?pvs=21),"관리팀 구매과, 구매",이재덕,영업완료,,바이크릴 피드백 물어봤으나 소식없음. 교수님 면담으로 가야겠음.,,완료
충주 의료원 신규 아이템 소개,2026/01/26,기존 병원,세종충북,충주의료원 (https://app.notion.com/p/30ebb0603a8844aca2912287cf1fca29?pvs=21),"관리팀 구매과, 구매",이재덕,영업완료,,"Dtg, 바이크릴 디테일 설명. 관심있어함. 수술과 찾아서 면담예정.",,완료
충주 별obgy 신규 아이템 소개,2026/01/26,신규 병원,세종충북,충주별산부인과 (https://app.notion.com/p/3b5fd9fcb8cd81c8898ad6579fc4d258?pvs=21),"관리팀 사무장, 구매",이재덕,영업완료,,바이크릴 디테일 설명. 3원장 뵈려했으나 환자많아 연기됨.,,완료
충주 마디os 정보 수집,2026/01/26,신규 병원,세종충북,충주 마디정형외과 (https://app.notion.com/p/3b5fd9fcb8cd81c2a2b0e0332f7d2fa6?pvs=21),"관리팀 사무장, 구매",이재덕,영업완료,,인사 드림.,,완료
충주 수os 정보 수집,2026/01/26,신규 병원,세종충북,충주 수정형외과 (https://app.notion.com/p/3b5fd9fcb8cd814a974dd9d7a935fc16?pvs=21),"관리팀 사무장, 구매",이재덕,영업완료,,부재중이라 못봄. 원장 면담 안 됨.,,완료
충주 세종os 정보 수집,2026/01/26,신규 병원,세종충북,충주 세종정형외과 (https://app.notion.com/p/3b5fd9fcb8cd812f8b20f7cb5cbe46ee?pvs=21),"관리팀 사무장, 구매",이재덕,영업완료,,다음에 오라고함. 환자 많음.,,완료
충주 연세os 정보 수집,2026/01/26,신규 병원,세종충북,충주 연세정형외과 (https://app.notion.com/p/3b5fd9fcb8cd81b89b8cf2cedb439507?pvs=21),정형외과 원장,이재덕,영업완료,,면담 안 됨.,,완료
음성 무척편한os 정보 수집,2026/01/26,신규 병원,세종충북,음성무척편한정형외과 (https://app.notion.com/p/3b5fd9fcb8cd81609d2efcfe327a83dd?pvs=21),"사무장, 정형외과 원장",이재덕,영업완료,,오전시간 면담 안되서 야방함. 둘다 수술들어가 못봄.,,완료
담소유 신규 아이템 소개,2026/01/27,기존 병원,서울경기,담소유병원 (https://app.notion.com/p/3b2fd9fcb8cd8189b20fed5f65b5992d?pvs=21),일반외과 간호부장님,이은필,영업완료,,"oplex 및 메타소브, 베리큐어
[비고] 베리큐어는 좀기다려봐야하지만, 원장은 유명한 재품을 원하는 스타일(제로이드) 일단 기다려달라고함
바이크릴은 사진까지 받아서 메타에 카톡넘김
오피렉스 샘플나갔고 관심있어하심
[다음 방문 예정일] 2026/01/29",,완료
진천 우리마취통증 정보 수집,2026/01/27,신규 병원,세종충북,진천우리마취통증 (https://app.notion.com/p/3b5fd9fcb8cd815d9248f2b2dd9a4e22?pvs=21),"관리팀 사무장, 구매",이재덕,영업완료,,병원소모품 전납달라고 부탁함.,,완료
충주 세종os 정보 수집,2026/01/27,신규 병원,세종충북,충주 세종정형외과 (https://app.notion.com/p/3b5fd9fcb8cd812f8b20f7cb5cbe46ee?pvs=21),"관리팀 사무장, 구매",이재덕,영업완료,,"오전에만 근무함, 인사 드림.",,완료
제천 서울os 정보 수집,2026/01/27,신규 병원,세종충북,제천 서울정형외과 (https://app.notion.com/p/3b5fd9fcb8cd8173b09eed6fe610ec38?pvs=21),"관리팀 사무장, 구매",이재덕,영업완료,,제천의료기에서 전납함. 관계가 오래되어서 좀 힘들듯함.,,완료
제천 미래obgy 신규 아이템 소개,2026/01/27,기존 병원,세종충북,미래산부인과 (https://app.notion.com/p/3b2fd9fcb8cd814c8c1df0966b7437b2?pvs=21),산부인과 원장,이재덕,영업완료,,베라큐어 디테일 설명.,,완료
제천 굿모닝os 정보 수집,2026/01/27,신규 병원,세종충북,제천 굿모닝정형외과 (https://app.notion.com/p/3b5fd9fcb8cd81309f0de28eec64d5fb?pvs=21),정형외과 원장,이재덕,영업완료,,면담안 됨,,완료
제천 한솔os 정보 수집,2026/01/27,신규 병원,세종충북,제천 한솔정형외과 (https://app.notion.com/p/3b5fd9fcb8cd8132a8c6d2a7f0920068?pvs=21),정형외과 원장,이재덕,영업완료,,인사 드림,,완료
제천 서울병원 신규 아이템 소개,2026/01/27,신규 병원,세종충북,제천 서울병원 (https://app.notion.com/p/3b5fd9fcb8cd81c2b3c4d97b0a2be4b0?pvs=21),정형외과 고영선 과장,이재덕,영업완료,,하이겐트(Hygent) 디테일 설명.,,완료
제천 명지병원 정보 수집,2026/01/27,신규 병원,세종충북,제천명지병원 (https://app.notion.com/p/3b5fd9fcb8cd811f81d5cccde2960431?pvs=21),정형외과 김형수 과장,이재덕,영업완료,,대표원장뵈려했으나 오늘 오프임.,,완료
제천 명지병원 정보 수집,2026/01/27,신규 병원,세종충북,제천명지병원 (https://app.notion.com/p/3b5fd9fcb8cd811f81d5cccde2960431?pvs=21),일반외과 최정재 교수,이재덕,영업완료,,수술있어 인사만 드림. 4시30분 서울병원에서 출발해서 명지병원 두탕이 될줄 알았으나 안 됨. 오후 한곳만 들러서 인사드려야할듯함.,,완료
Cj 해피맘obgy 정보 수집,2026/01/28,신규 병원,세종충북,청주 해피맘산부인과 (https://app.notion.com/p/3b5fd9fcb8cd81949511cef53cb9b9df?pvs=21),"관리팀 사무장, 구매",이재덕,영업완료,,"3층 os 올예정, 브로커 문자남겼으나 회신없음",,완료
Cj cnc 재활병원 정보 수집,2026/01/28,신규 병원,세종충북,청주 cnc 재활병원 (https://app.notion.com/p/cnc-3b5fd9fcb8cd81088360d9f8a7fd6a75?pvs=21),재활 원장,이재덕,영업완료,,인사 드림,,완료
Cj 새빛병원 정보 수집,2026/01/28,신규 병원,세종충북,청주 새빛병원 (https://app.notion.com/p/3b5fd9fcb8cd81c9a9eccac19e3a6eaa?pvs=21),일반외과 원장,이재덕,영업완료,,면담안 됨,,완료
Cj 다나여성병원 정보 수집,2026/01/28,신규 병원,세종충북,청주 다나여성병원 (https://app.notion.com/p/3b5fd9fcb8cd818f8320ecaeaf058d64?pvs=21),산부인과 사무장,이재덕,영업완료,,"트로카 내구성이 등등 세종것 사용예정, dtg 관심있게봄",,완료
다나여성병원 샘플 제공,2026/01/28,신규 병원,세종충북,다나여성병원 (https://app.notion.com/p/3b5fd9fcb8cd8151a796f3cdc8a9a1c3?pvs=21),"관리팀 간호부장, 구매",이재덕,영업완료,,"베리큐어 샘플제공, 써보니 좋았다고함",,완료
마디사랑병원 정보 수집,2026/01/28,신규 병원,세종충북,마디사랑병원 (https://app.notion.com/p/3b5fd9fcb8cd819082a8cd2c666e0e4a?pvs=21),"관리팀 구매과, 구매",이재덕,영업완료,,"애드고 탄력밴드 주문예정, 하이소브는 지속 말하는중.",,완료
한국병원 정보 수집,2026/01/28,기존 병원,세종충북,청주 한국병원 (https://app.notion.com/p/ef784b1524834c199045e535d8e75bdd?pvs=21),일반외과 과장,이재덕,영업완료,,신과장님 수술길어짐. 부원장외 같이들어감. 내일 재방문예정. Dotg 여부 확인예정.,,완료
방서미즈닥터 정보 수집,2026/01/28,신규 병원,세종충북,방서미즈닥터 (https://app.notion.com/p/3b5fd9fcb8cd81c79919eea9bf144109?pvs=21),산부인과 원장,이재덕,영업완료,,박원장 휴무. 하이소브 압박브라 관련 방문했으나 못봄. 오 원장님은 베리큐어 스프레이를 외래 진료시 사용하는거 같음. 뵙지는 못했음.,,완료
하나병원 신규 아이템 소개,2026/01/29,기존 병원,세종충북,청주 하나병원 (https://app.notion.com/p/00b1783b8c6f4791ba486e1bed98675d?pvs=21),"관리팀 구매과, 구매",이재덕,영업완료,,"Dtg 디테일, 확인후 과장님 면담하게 해준다함.",,완료
Cj 성모병원 신규 아이템 소개,2026/01/29,기존 병원,세종충북,청주성모병원 (https://app.notion.com/p/ed182db368ac4f5f8de44f30f7d610ad?pvs=21),"관리팀 구매과, 구매",이재덕,영업완료,,Dtg 디테일 설명.,,완료
Cj 의료원 법인변경서류전달,2026/01/29,기존 병원,세종충북,청주의료원 (https://app.notion.com/p/3b2fd9fcb8cd81c5a6aaf095c6e24261?pvs=21),"관리팀 회계팀, 구매",이재덕,영업완료,,법인변경서류전달,,완료
Cj 서로손병원 신규 아이템 소개,2026/01/29,신규 병원,세종충북,청주 서로손병원 (https://app.notion.com/p/3b5fd9fcb8cd816693d6ced582fb2448?pvs=21),Fm 원장,이재덕,영업완료,,베리큐어 디테일 설명. 의료기기 실비청구 안된다함.,,완료
Cj 성모병원 신규 아이템 소개,2026/01/29,기존 병원,세종충북,청주성모병원 (https://app.notion.com/p/ed182db368ac4f5f8de44f30f7d610ad?pvs=21),일반외과 최한림 과장,이재덕,영업완료,,Dtg 디테일,,완료
현대병원 신규 아이템 소개,2026/01/30,신규 병원,세종충북,현대병원 (https://app.notion.com/p/3b5fd9fcb8cd810b9bdbd277014302cd?pvs=21),"관리팀 구매과, 구매",이재덕,영업완료,,바이크릴 디테일 설명.,,완료
쉬즈obgy 신규 아이템 소개,2026/01/30,신규 병원,세종충북,쉬즈산부인과 (https://app.notion.com/p/3b5fd9fcb8cd81ad8a17ebe43842fc6a?pvs=21),산부인과 원장,이재덕,영업완료,,면담안 됨,,완료
유로센터uro 신규 아이템 소개,2026/01/30,기존 병원,세종충북,유로센터비뇨기과 (https://app.notion.com/p/66c5580992924199b3c8abdcb3021407?pvs=21),"관리팀 사무장, 구매",이재덕,영업완료,,바이크릴 디테일 설명.,,완료
방서미즈닥터 정보 수집,2026/01/30,신규 병원,세종충북,방서미즈닥터 (https://app.notion.com/p/3b5fd9fcb8cd81c79919eea9bf144109?pvs=21),산부인과 원장,이재덕,영업완료,,병원소모품관련 상담. 의약품 취급이 안되어 일단 보류.,,완료
보은 한양병원 정보 수집,2026/01/30,신규 병원,세종충북,보은한양병원 (https://app.notion.com/p/3b5fd9fcb8cd81b4b358df27f0e822d8?pvs=21),"관리팀 구매과, 구매",이재덕,영업완료,,회의들어가서 못봄. 오래걸린다하여 차후 방문 예정.,,완료
보은우리os 신규 아이템 소개,2026/01/30,신규 병원,세종충북,보은우리정형외과 (https://app.notion.com/p/3b5fd9fcb8cd810d8a4dcd2405eb241f?pvs=21),"관리팀 사무장, 구매",이재덕,영업완료,,부재중 담주에 오라고함,,완료
대전 보훈병원 정보 수집,2026/01/30,신규 병원,대전논산,대전보훈병원 (https://app.notion.com/p/3b5fd9fcb8cd8118b66dc084c526ed37?pvs=21),"공급실., 관리팀 구매과, 구매",이재덕,영업완료,,"구매과 바이크릴 디테일, 공급과 수술포외 디테일 설명.",,완료
홍성의료원 신규 아이템 소개,2026/02/02,기존 병원,서산당진,홍성의료원 (https://app.notion.com/p/724dd38877f9463d8544f5f556ec3bca?pvs=21),산부인과 박수진과장,이은필,영업완료,EN-Shot Biopsy 2.3cup (https://app.notion.com/p/EN-Shot-Biopsy-2-3cup-3b2fd9fcb8cd81448fb8f538a32b9a8a?pvs=21),"[비고] 박수진과장이담당이고 펀치바이옵시는 관심있어서 바로샘플사용해보고싶다고함, 지혈제는 듀얼튤립관심 있어서 다음 방문때 갔다주기로 함
[다음 방문 예정일] 2026/02/04
[제공 샘플] 바이옵시",,완료
정주의료원 신규 아이템 소개,2026/02/02,신규 병원,세종충북,정주의료원 (https://app.notion.com/p/3b5fd9fcb8cd8107b1b7dfb4572d26b2?pvs=21),일반외과 정일웅과장,이재덕,영업완료,,Dtg 디테일하려했으나 기다리다 나올때 인사만 드림. 오후 방문 하였으나 면담 거절. Dtg 타사 대모예정.,,완료
마디사랑병원 정보 수집,2026/02/02,신규 병원,세종충북,마디사랑병원 (https://app.notion.com/p/3b5fd9fcb8cd819082a8cd2c666e0e4a?pvs=21),"관리팀 구매과, 구매",이재덕,영업완료,,"애드고 탄력밴드 사용했으나 3m대비 차이가남, 바이크릴은 서브용으로 고려해봄.",,완료
뿌리병원 정보 수집,2026/02/02,신규 병원,세종충북,뿌리병원 (https://app.notion.com/p/3b5fd9fcb8cd81f39984c99b28445d1b?pvs=21),"관리팀 구매팀, 구매",이재덕,영업완료,,Co2 보비 디테일,,완료
청주의료원 정보 수집,2026/02/02,기존 병원,세종충북,청주의료원 (https://app.notion.com/p/3b2fd9fcb8cd81c5a6aaf095c6e24261?pvs=21),정형외과 김윤호과장,이재덕,영업완료,,인사 드림,,완료
창주의료원 정보 수집,2026/02/02,기존 병원,세종충북,청주의료원 (https://app.notion.com/p/3b2fd9fcb8cd81c5a6aaf095c6e24261?pvs=21),Er 수간호사,이재덕,영업완료,,인사 드림,,완료
한국병원 정보 수집,2026/02/02,기존 병원,세종충북,청주 한국병원 (https://app.notion.com/p/ef784b1524834c199045e535d8e75bdd?pvs=21),일반외과 과장,이재덕,영업완료,,수술들어감. 타이밍이 안맞음,,완료
제천 미래obgy 정보 수집,2026/02/03,기존 병원,세종충북,미래산부인과 (https://app.notion.com/p/3b2fd9fcb8cd814c8c1df0966b7437b2?pvs=21),산부인과 원장,이재덕,영업완료,,자이네콜라(Gynecola) 베라큐어 디테일,,완료
제처서울병원 신규 아이템 소개,2026/02/03,신규 병원,세종충북,제천 서울병원 (https://app.notion.com/p/3b5fd9fcb8cd81c2b3c4d97b0a2be4b0?pvs=21),정형외과 구매과.,이재덕,영업완료,,"Os환자많아 오후 재방문, 구매과 면담. 애드고 실리콘테이프 설명.",,완료
제천 연세마취통증 정보 수집,2026/02/03,신규 병원,세종충북,제천 연세마취통증 (https://app.notion.com/p/3b5fd9fcb8cd81b2a20ff077592e3c6d?pvs=21),정형외과 사무장,이재덕,영업완료,,원장면담안 됨. 원내소모품 설명.,,완료
제천 한솔os 정보 수집,2026/02/03,신규 병원,세종충북,제천 한솔정형외과 (https://app.notion.com/p/3b5fd9fcb8cd8132a8c6d2a7f0920068?pvs=21),정형외과 원장,이재덕,영업완료,,면담안 됨.,,완료
제천 킴스os 정보 수집,2026/02/03,신규 병원,세종충북,제천 킴스정형외과 (https://app.notion.com/p/3b5fd9fcb8cd813b86dbe767e79f6d5c?pvs=21),정형외과 원장,이재덕,영업완료,,소공포 디테일 설명. 아직은 바꿀생각 없음,,완료
제천 노os 정보 수집,2026/02/03,신규 병원,세종충북,제천 노정형외과 (https://app.notion.com/p/3b5fd9fcb8cd81f5b72ef0d6f8bb3c35?pvs=21),정형외과 원장,이재덕,영업완료,,소공포 디테일 설명. 바꿀생각은 없음.,,완료
제천 한기정obgy 정보 수집,2026/02/03,신규 병원,세종충북,제천 한기정산부인과 (https://app.notion.com/p/3b5fd9fcb8cd81dfb5bee4665f9333a4?pvs=21),산부인과 원장,이재덕,영업완료,,자이네콜라(Gynecola) 디테일 설명.,,완료
제천 성지병원 정보 수집,2026/02/03,신규 병원,세종충북,제천성지병원 (https://app.notion.com/p/3b5fd9fcb8cd8140b276e7c4d6ef392b?pvs=21),정형외과 총무팀,이재덕,영업완료,,병당에 있어서 못만남. 재방문예정.,,완료
제천 명지병원 정보 수집,2026/02/03,신규 병원,세종충북,제천명지병원 (https://app.notion.com/p/3b5fd9fcb8cd811f81d5cccde2960431?pvs=21),일반외과 최정재교수 수술로 못봄. Os 김형수교수,이재덕,영업완료,,인사 드림.,,완료
제천 서울병원 정보 수집,2026/02/03,신규 병원,세종충북,제천 서울병원 (https://app.notion.com/p/3b5fd9fcb8cd81c2b3c4d97b0a2be4b0?pvs=21),정형외과 Os과장,이재덕,영업완료,,인사 드림. Gs 금일 오프임.,,완료
담소유 픽스비급여제품변경건,2026/02/03,기존 병원,서울경기,담소유병원 (https://app.notion.com/p/3b2fd9fcb8cd8189b20fed5f65b5992d?pvs=21),일반외과 간호부장,이은필,영업완료,,"펜코제품과 에드고 제품으로 설명하고 에드고로 확정
[비고] 총무과 이민재대리 및 총무과장 퇴사예정",,완료
봄날외과 명절선물 및납품,2026/02/03,기존 병원,서울경기,봄날의외과의원 (https://app.notion.com/p/3b2fd9fcb8cd810db4d0ecaefe29a682?pvs=21),일반외과 유치열실장미팅못함,이은필,영업완료,,수술이밀려서 미팅시간에 만나지못해 상품권 전달하지 못함,,완료
옥천 성모병원 정보 수집,2026/02/04,기존 병원,세종충북,옥천성모병원 (https://app.notion.com/p/1d6490ab72a64fa7a1e874bed8d3ee80?pvs=21),"관리팀 구매과, 구매",이재덕,영업완료,,바이크릴 수숭방전달. 아직피드백없음.,,완료
보은 서울병원 정보 수집,2026/02/04,신규 병원,세종충북,보은 서울병원 (https://app.notion.com/p/3b5fd9fcb8cd81768aa3e0988ff74c15?pvs=21),"관리팀 구매과, 구매",이재덕,영업완료,,방문진료나감. 늦게온다하여 못봄.,,완료
보은 우리os 정보 수집,2026/02/04,신규 병원,세종충북,보은우리정형외과 (https://app.notion.com/p/3b5fd9fcb8cd810d8a4dcd2405eb241f?pvs=21),"관리팀 사무장, 구매",이재덕,영업완료,,소공포 디테일 설명. 원장님들 생각없다함.,,완료
방서미즈닥터 정보 수집,2026/02/04,신규 병원,세종충북,방서미즈닥터 (https://app.notion.com/p/3b5fd9fcb8cd81c79919eea9bf144109?pvs=21),산부인과 박원장,이재덕,영업완료,,"스카노스겔, 지혈배드 디테일 설명. 별반응없음, 오 원장님 약속있다며 면담안 됨.",,완료
한국병원 정보 수집,2026/02/04,기존 병원,세종충북,청주 한국병원 (https://app.notion.com/p/ef784b1524834c199045e535d8e75bdd?pvs=21),일반외과 과장,이재덕,영업완료,,Dtg 들어본적없다함. 설명드림.,,완료
하나병원 정보 수집,2026/02/04,기존 병원,세종충북,청주 하나병원 (https://app.notion.com/p/00b1783b8c6f4791ba486e1bed98675d?pvs=21),"관리팀 구매팀., 구매",이재덕,영업완료,,회의들어감. Dtg 피드백받으려 했음,,완료
충북대 정보 수집,2026/02/04,기존 병원,세종충북,충북대학교병원 (https://app.notion.com/p/ba520b40010143dfae0d3ff058b73012?pvs=21),Fm 교수,이재덕,영업완료,,인사 드림,,완료
한국병원 회수,2026/02/04,기존 병원,세종충북,청주 한국병원 (https://app.notion.com/p/ef784b1524834c199045e535d8e75bdd?pvs=21),"관리팀 수술실, 구매",이재덕,영업완료,,사용하겠다고함.,,완료
봄날의외과 신규 아이템 소개,2026/02/05,기존 병원,서울경기,봄날의외과의원 (https://app.notion.com/p/3b2fd9fcb8cd810db4d0ecaefe29a682?pvs=21),일반외과 유치열실장,이은필,영업완료,,"상품권전달, 소공포 및 응급킷트 샘플나가고, 소공포
작은사이즈는 관심있음. 펜코소드는 이미들어옴",,완료
유엔비외과 신규 아이템 소개,2026/02/05,기존 병원,서울경기,유엔비 외과의원 (https://app.notion.com/p/3b2fd9fcb8cd8111940acecbbea315e5?pvs=21),일반외과 행정부장미팅,이은필,영업완료,,"소공포샘플및 펜코소드샘플나감, 두제품은 관심이 있어 추후 진행사항 연락주기로 함 
소공포 3300/4400 소드 3630 나감",,완료
진천 중앙병원 납품,2026/02/05,신규 병원,세종충북,진천 중앙병원 (https://app.notion.com/p/3b5fd9fcb8cd81d4b967dea03346f6e2?pvs=21),"관리팀 구매팀, 구매",이재덕,영업완료,,,,완료
진천 마취통증 견적 상담,2026/02/05,신규 병원,세종충북,진천 마취통증 (https://app.notion.com/p/3b5fd9fcb8cd8167a19edb9a1ac09560?pvs=21),"관리팀 사무장, 구매, 원장",이재덕,영업완료,,"전체물품명세 받기로함, 일요일 저녁약속함.",,완료
음성 무척편한os 정보 수집,2026/02/05,신규 병원,세종충북,음성무척편한정형외과 (https://app.notion.com/p/3b5fd9fcb8cd81609d2efcfe327a83dd?pvs=21),정형외과 사무장,이재덕,영업완료,,"하이겐트(Hygent), 펜코 나이프 디테일 설명. 원장면담안 됨.",,완료
하나병원 정보 수집,2026/02/05,기존 병원,세종충북,청주 하나병원 (https://app.notion.com/p/00b1783b8c6f4791ba486e1bed98675d?pvs=21),"관리팀 구매과, 구매",이재덕,영업완료,,"구매과 없음, 물어보니 공급실 정리중이라고함.",,완료
Cnc 재활병원 정보 수집,2026/02/05,신규 병원,세종충북,CnC재활 재활병원 (https://app.notion.com/p/CnC-3b5fd9fcb8cd8129a668fd2b6e9d30bd?pvs=21),재활 원장,이재덕,영업완료,,병원소모품 관련 여쭤봄. 혜성 쪽에서 주로사용하는데 원장이 3명이라 변경이 어렵다고함.,,완료
현대병원 신규 아이템 소개,2026/02/05,신규 병원,세종충북,현대병원 (https://app.notion.com/p/3b5fd9fcb8cd810b9bdbd277014302cd?pvs=21),"관리팀 구매과, 구매",이재덕,영업완료,,하이겐트(Hygent) 디테일 설명. 팀장인듯한데 안알려줌. 간납사 물어봤으나 다음에 오시라고함.,,완료
청주 성모병원 정보 수집,2026/02/05,기존 병원,세종충북,청주성모병원 (https://app.notion.com/p/ed182db368ac4f5f8de44f30f7d610ad?pvs=21),일반외과 과장,이재덕,영업완료,,최한림과장 3시넘어 수술들어감. 언제나올지 모른다함. Os 김태형 부장님 계셔서 인사 드림. 매일 다음 과장님들 수술 체크하면 좋은데 그렇치 못해 계획세우기 어려움.,,완료
다나여성병원 정보 수집,2026/02/05,신규 병원,세종충북,다나여성병원 (https://app.notion.com/p/3b5fd9fcb8cd8151a796f3cdc8a9a1c3?pvs=21),"관리팀 간호부장, 구매",이재덕,영업완료,,베라큐어 디테일 설명. 샘플 좋다고하심.,,완료
정성내과 정보 수집,2026/02/06,신규 병원,세종충북,정성내과 (https://app.notion.com/p/3b5fd9fcb8cd810ba079f51c2317aba0?pvs=21),내과 원장,이재덕,영업완료,,수액셋 디테일,,완료
아산웰마취통증 정보 수집,2026/02/06,신규 병원,천안아산,아산웰마취통증 (https://app.notion.com/p/3b5fd9fcb8cd81ef91f7fc6c0f057e2c?pvs=21),통증 사우장,이재덕,영업완료,,소모품 디테일,,완료
현대병원 신규 아이템 소개,2026/02/06,신규 병원,세종충북,현대병원 (https://app.notion.com/p/3b5fd9fcb8cd810b9bdbd277014302cd?pvs=21),정형외과 원무과,이재덕,영업완료,,"바이크릴 디테일, 필요성 없다함.",,완료
충주의료원 신규 아이템 소개,2026/02/06,기존 병원,세종충북,충주의료원 (https://app.notion.com/p/30ebb0603a8844aca2912287cf1fca29?pvs=21),일반외과 황상일과장,이재덕,영업완료,,"Dtg소개, 급여이후 보자함.",,완료
별obgy 정보 수집,2026/02/06,신규 병원,세종충북,별산부인과 (https://app.notion.com/p/3b5fd9fcb8cd8100b6ace328da45ed22?pvs=21),산부인과 사무장,이재덕,영업완료,,바이크릴 피드백 없음.,,완료
충주 김앤권병원 정보 수집,2026/02/06,신규 병원,세종충북,충주 김앤권병원 (https://app.notion.com/p/3b5fd9fcb8cd81dd800ce1d2b4684a84?pvs=21),"관리팀 사무장, 구매",이재덕,영업완료,,면담안 됨.,,완료
충주 세종os 정보 수집,2026/02/06,신규 병원,세종충북,충주 세종정형외과 (https://app.notion.com/p/3b5fd9fcb8cd812f8b20f7cb5cbe46ee?pvs=21),정형외과 원장,이재덕,영업완료,,면담안 됨. 오전 사무장 보라고함.,,완료
충주건대병원 정보 수집,2026/02/06,기존 병원,세종충북,건국대학교 충주병원 (https://app.notion.com/p/3c4ee56de1d148f59f4b8f2c63de6f08?pvs=21),일반외과 유영범교수,이재덕,영업완료,,인사 드림,,완료
충주 제통의원 정보 수집,2026/02/06,신규 병원,세종충북,충주 제통의원 (https://app.notion.com/p/3b5fd9fcb8cd810ca9c5e5259da5c75a?pvs=21),"관리팀 사무장. 원장면담안됨., 구매",이재덕,영업완료,,인사 드림.,,완료
마디사랑병원 정보 수집,2026/02/09,신규 병원,세종충북,마디사랑병원 (https://app.notion.com/p/3b5fd9fcb8cd819082a8cd2c666e0e4a?pvs=21),"관리팀 구매과, 구매",이재덕,영업완료,,바이크릴외 디테일,,완료
청주탑병원 정보 수집,2026/02/09,신규 병원,세종충북,청주탑병원 (https://app.notion.com/p/3b5fd9fcb8cd81099e2adcbba17ae8c9?pvs=21),"관리팀 구매과, 구매",이재덕,영업완료,,인사함,,완료
가톨릭병원 정보 수집,2026/02/09,신규 병원,세종충북,가톨릭병원 (https://app.notion.com/p/3b5fd9fcb8cd81aeb88ccf70b4f0cce9?pvs=21),정형외과 원장,이재덕,영업완료,,면담안 됨,,완료
청주성모병원 정보 수집,2026/02/09,기존 병원,세종충북,청주성모병원 (https://app.notion.com/p/ed182db368ac4f5f8de44f30f7d610ad?pvs=21),"관리팀 구매과, 구매",이재덕,영업완료,,"인사 드림, 수요일 오전 진료과 방문예정",,완료
다나여성병원 정보 수집,2026/02/09,신규 병원,세종충북,다나여성병원 (https://app.notion.com/p/3b5fd9fcb8cd8151a796f3cdc8a9a1c3?pvs=21),"관리팀 사무장, 구매",이재덕,영업완료,,"수술로 못뵘, 간호부장 베라큐어 디테일 설명.",,완료
청주21세기병원 정보 수집,2026/02/09,신규 병원,세종충북,청주21세기병원 (https://app.notion.com/p/21-3b5fd9fcb8cd811c956cd4c532c429a2?pvs=21),"관리팀 구매과, 구매",이재덕,영업완료,,바이크릴 디테일,,완료
뿌리병원 정보 수집,2026/02/09,신규 병원,세종충북,뿌리병원 (https://app.notion.com/p/3b5fd9fcb8cd81f39984c99b28445d1b?pvs=21),"관리팀 구매과, 구매",이재덕,영업완료,,인사함.,,완료
제천 미래obgy 정보 수집,2026/02/10,기존 병원,세종충북,미래산부인과 (https://app.notion.com/p/3b2fd9fcb8cd814c8c1df0966b7437b2?pvs=21),산부인과 원장,이재덕,영업완료,,인사 드림,,완료
제천 킴스os 정보 수집,2026/02/10,신규 병원,세종충북,제천 킴스정형외과 (https://app.notion.com/p/3b5fd9fcb8cd813b86dbe767e79f6d5c?pvs=21),정형외과 원장,이재덕,영업완료,,인사 드림,,완료
제천 서울os 정보 수집,2026/02/10,신규 병원,세종충북,제천 서울정형외과 (https://app.notion.com/p/3b5fd9fcb8cd8173b09eed6fe610ec38?pvs=21),"관리팀 사무장, 구매, 원장",이재덕,영업완료,,인사 드림,,완료
단양 보건소 정보 수집,2026/02/10,신규 병원,세종충북,단양보건소 (https://app.notion.com/p/3b5fd9fcb8cd816bb92be66222bf31a1?pvs=21),Er 구매과 Er 김용현과장,이재덕,영업완료,,"인사 드림, 구매과 인사 드림 수기계약도 가능하다고함.",,완료
제천 한기정obgy 정보 수집,2026/02/10,신규 병원,세종충북,제천 한기정산부인과 (https://app.notion.com/p/3b5fd9fcb8cd81dfb5bee4665f9333a4?pvs=21),산부인과 원장,이재덕,영업완료,,인사 드림,,완료
제천 명지병원 정보 수집,2026/02/10,신규 병원,세종충북,제천명지병원 (https://app.notion.com/p/3b5fd9fcb8cd811f81d5cccde2960431?pvs=21),"관리팀 구매과 os gs, 구매",이재덕,영업완료,,"구매과안면이 생겨 이런저런이야기함. 납품시 일반대학병원과 같으며 결재가 9개월 회전이라고함. Os 김형수교수 인사 드림, gs 최정재 수술들어감.",,완료
제천 서울병원 정보 수집,2026/02/10,신규 병원,세종충북,제천 서울병원 (https://app.notion.com/p/3b5fd9fcb8cd81c2b3c4d97b0a2be4b0?pvs=21),정형외과 구매과 os,이재덕,영업완료,,"면담안 됨, 구매과 인사 드림.",,완료
제천 조성우내과 정보 수집,2026/02/10,신규 병원,세종충북,제천 조성우내과 (https://app.notion.com/p/3b5fd9fcb8cd816ab076ef85e0ea8931?pvs=21),내과 원장,이재덕,영업완료,,인사 드림,,완료
보은우리os 정보 수집,2026/02/11,신규 병원,세종충북,보은우리정형외과 (https://app.notion.com/p/3b5fd9fcb8cd810d8a4dcd2405eb241f?pvs=21),"관리팀 사무장, 구매",이재덕,영업완료,,인사 드림,,완료
보은한양병원 정보 수집,2026/02/11,신규 병원,세종충북,보은한양병원 (https://app.notion.com/p/3b5fd9fcb8cd81b4b358df27f0e822d8?pvs=21),"관리팀 구매과, 구매",이재덕,영업완료,,인사 드림,,완료
옥천성모 정보 수집,2026/02/11,기존 병원,세종충북,옥천성모병원 (https://app.notion.com/p/1d6490ab72a64fa7a1e874bed8d3ee80?pvs=21),"관리팀 구매과, 구매",이재덕,영업완료,,인사 드림,,완료
청주성모 정보 수집,2026/02/11,기존 병원,세종충북,청주성모병원 (https://app.notion.com/p/ed182db368ac4f5f8de44f30f7d610ad?pvs=21),일반외과 과장,이재덕,영업완료,,오전뵐수있을줄 알았으나못뵘,,완료
마디사랑 정보 수집,2026/02/11,신규 병원,세종충북,마디사랑 (https://app.notion.com/p/3b5fd9fcb8cd811fae7ae96efdaedc9b?pvs=21),"관리팀 구매과, 구매",이재덕,영업완료,,"바이크릴 사용제품 규격달라고했음, 서지소드 관심있어함.",,완료
뿌리병원 정보 수집,2026/02/11,신규 병원,세종충북,뿌리병원 (https://app.notion.com/p/3b5fd9fcb8cd81f39984c99b28445d1b?pvs=21),"관리팀 구매과, 구매",이재덕,영업완료,,바이크릴 데모한줄 알았으나 안했음. 이야기함. 원장님께 말씀드린다고함.,,완료
다나여성 정보 수집,2026/02/11,신규 병원,세종충북,다나여성 (https://app.notion.com/p/3b5fd9fcb8cd81608181c6bf3655f1a8?pvs=21),"간호부장., 관리팀 사무장, 구매",이재덕,영업완료,,"수술들어감, 인사 드림",,완료
청주 성모 정보 수집,2026/02/11,기존 병원,세종충북,청주성모병원 (https://app.notion.com/p/ed182db368ac4f5f8de44f30f7d610ad?pvs=21),"관리팀 구매과, 구매",이재덕,영업완료,,인사 드림,,완료
삼성365os 정보 수집,2026/02/11,신규 병원,세종충북,삼성365정형외과 (https://app.notion.com/p/365-3b5fd9fcb8cd81699de2fe54df8ce78a?pvs=21),"관리팀 이사님, 구매",이재덕,영업완료,,이사님 부재중. 서지소드 브로셔제공.,,완료
하나병원 정보 수집,2026/02/19,기존 병원,세종충북,청주 하나병원 (https://app.notion.com/p/00b1783b8c6f4791ba486e1bed98675d?pvs=21),"관리팀 구매과, 구매",이재덕,영업완료,,Dtg 피드백몰어봄. 공급실 정리하느라 시간이 없었음. 다음주 중 재방문요청.,,완료
씨앤씨 재활병원 정보 수집,2026/02/19,신규 병원,세종충북,씨앤씨 재활병원 (https://app.notion.com/p/3b5fd9fcb8cd81f59279cbdb397829ba?pvs=21),정형외과 원장,이재덕,영업완료,,환자 밀려서 다음에 방문요청,,완료
현대병원 신규 아이템 소개,2026/02/19,신규 병원,세종충북,현대병원 (https://app.notion.com/p/3b5fd9fcb8cd810b9bdbd277014302cd?pvs=21),"관리팀 구매과, 구매",이재덕,영업완료,,서지소드 디테일 설명.,,완료
해피맘obgy 정보 수집,2026/02/19,신규 병원,세종충북,해피맘산부인과 (https://app.notion.com/p/3b5fd9fcb8cd81f28547cb74385936a3?pvs=21),"관리팀 사무장, 구매",이재덕,영업완료,,신규os 정보 수집. 4월쯤 개원예정. 건물 3~6층까지 사용. 원장 3월부터 청주에 내려와 있을예정.,,완료
가경 유항외과 신규 아이템 소개,2026/02/19,신규 병원,세종충북,가경유항외과 (https://app.notion.com/p/3b5fd9fcb8cd818a8007f4013ec40737?pvs=21),일반외과 원장,이재덕,영업완료,,서지소드 디테일 설명. 사용제품있어 고려해보겠다고함.,,완료
청주성모병원 정보 수집,2026/02/19,기존 병원,세종충북,청주성모병원 (https://app.notion.com/p/ed182db368ac4f5f8de44f30f7d610ad?pvs=21),일반외과 과장,이재덕,영업완료,,오후진료있어 방문했으나 수술들어감. 차주 수요일오전 방문드릴예정.,,완료
보은한양병원 샘플 제공,2026/02/20,신규 병원,세종충북,보은한양병원 (https://app.notion.com/p/3b5fd9fcb8cd81b4b358df27f0e822d8?pvs=21),"관리팀 구매과, 구매",이재덕,영업완료,,회의들어감. 총무부장에게 펜코 소드 샘플및 내용전달함.,,완료
보은우리os 정보 수집,2026/02/20,신규 병원,세종충북,보은우리정형외과 (https://app.notion.com/p/3b5fd9fcb8cd810d8a4dcd2405eb241f?pvs=21),"관리팀 사무장, 구매",이재덕,영업완료,,팬코 소드 디테일 설명.,,완료
옥천성모병원 샘플 제공,2026/02/20,기존 병원,세종충북,옥천성모병원 (https://app.notion.com/p/1d6490ab72a64fa7a1e874bed8d3ee80?pvs=21),"관리팀 구매과, 구매",이재덕,영업완료,,"펜코 소드디테일, 수술실 보여주겠다함.",,완료
청주한국병원 정보 수집,2026/02/20,기존 병원,세종충북,청주 한국병원 (https://app.notion.com/p/ef784b1524834c199045e535d8e75bdd?pvs=21),일반외과 과장,이재덕,영업완료,,수술있어 인사만 드림.,,완료
청주성모병원 정보 수집,2026/02/20,기존 병원,세종충북,청주성모병원 (https://app.notion.com/p/ed182db368ac4f5f8de44f30f7d610ad?pvs=21),산부인과 박연진과장,이재덕,영업완료,,"인사 드림, 위샾대리점이라 소개드림.",,완료
청주성모병원 샘플 제공,2026/02/20,기존 병원,세종충북,청주성모병원 (https://app.notion.com/p/ed182db368ac4f5f8de44f30f7d610ad?pvs=21),"관리팀 구매과, 구매",이재덕,영업완료,,서지소드 샘플제공. 피드백 주겠다함.,,완료
다나여성병원 정보 수집,2026/02/20,신규 병원,세종충북,다나여성병원 (https://app.notion.com/p/3b5fd9fcb8cd8151a796f3cdc8a9a1c3?pvs=21),"관리팀 사무장, 구매",이재덕,영업완료,,어렵게 봤으나 바쁨. 하나는 써주겠다고함. 좋은거 가져와보라고함.,,완료
아산웰마취 정보 수집,2026/02/23,신규 병원,천안아산,아산웰마취 (https://app.notion.com/p/3b5fd9fcb8cd81ebb411f9659828e1df?pvs=21),"관리팀 사무장, 구매",이재덕,영업완료,,병원소모품 디테일,,완료
청주 한국병원 정보 수집,2026/02/23,기존 병원,세종충북,청주 한국병원 (https://app.notion.com/p/ef784b1524834c199045e535d8e75bdd?pvs=21),"관리팀 구매과, 구매",이재덕,영업완료,,"서지소드 디테일, 과장님 사용여부확인, 신과장 오후 재방문 하였으나 바쁘셔서 카탈로그만 전달함.",,완료
방서미즈닥터 정보 수집,2026/02/23,신규 병원,세종충북,방서미즈닥터 (https://app.notion.com/p/3b5fd9fcb8cd81c79919eea9bf144109?pvs=21),산부인과 원장,이재덕,영업완료,,"수금 확인, 매달 중순결재일.",,완료
마디사랑병원 정보 수집,2026/02/23,신규 병원,세종충북,마디사랑병원 (https://app.notion.com/p/3b5fd9fcb8cd819082a8cd2c666e0e4a?pvs=21),"관리팀 구매과, 구매",이재덕,영업완료,,서지소드는 안되겠다고함. 펜코전납업체와 관계가 좋음.,,완료
청주의료원 정보 수집,2026/02/23,기존 병원,세종충북,청주의료원 (https://app.notion.com/p/3b2fd9fcb8cd81c5a6aaf095c6e24261?pvs=21),정형외과 과장,이재덕,영업완료,,수술들어가서 못봄. 차후 서지소드 디테일 예정.,,완료
청주프라임병원 정보 수집,2026/02/23,신규 병원,세종충북,청주프라임병원 (https://app.notion.com/p/3b5fd9fcb8cd81bca014d5a0faab2cd6?pvs=21),"관리팀 구매과, 구매",이재덕,영업완료,,인사 드림.,,완료
현대병원 정보 수집,2026/02/23,신규 병원,세종충북,현대병원 (https://app.notion.com/p/3b5fd9fcb8cd810b9bdbd277014302cd?pvs=21),"관리팀 구매과, 구매",이재덕,영업완료,,대표원장 변경으로 인해 정신없다함. 차후방문예정.,,완료
새빛병원 정보 수집,2026/02/23,신규 병원,세종충북,새빛병원 (https://app.notion.com/p/3b5fd9fcb8cd81fabc63dd10bfb9deeb?pvs=21),"관리팀 사무장, 구매",이재덕,영업완료,,인사 드림,,완료
진천 우리마취통증 정보 수집,2026/02/24,신규 병원,세종충북,진천우리마취통증 (https://app.notion.com/p/3b5fd9fcb8cd815d9248f2b2dd9a4e22?pvs=21),"관리팀 사무장, 구매",이재덕,영업완료,,병완소모품 리스트작업 아직 안됬다고함.,,완료
진천 바른os 정보 수집,2026/02/24,신규 병원,세종충북,진천 바른정형외과 (https://app.notion.com/p/3b5fd9fcb8cd8107a7b1d3d3ee1cdb0f?pvs=21),"관리팀 사무장, 구매",이재덕,영업완료,,인사 드림,,완료
충주 건국대병원 신규 아이템 소개,2026/02/24,기존 병원,세종충북,건국대학교 충주병원 (https://app.notion.com/p/3c4ee56de1d148f59f4b8f2c63de6f08?pvs=21),"관리팀 구매과, 구매",이재덕,영업완료,,서지소드 디테일,,완료
충주 의료원 신규 아이템 소개,2026/02/24,기존 병원,세종충북,충주의료원 (https://app.notion.com/p/30ebb0603a8844aca2912287cf1fca29?pvs=21),일반외과 과장,이재덕,영업완료,,서지소드 디테일하였으나 바쁘다고함.,,완료
충주 의료원 정보 수집,2026/02/24,기존 병원,세종충북,충주의료원 (https://app.notion.com/p/30ebb0603a8844aca2912287cf1fca29?pvs=21),정형외과 김범수 과장,이재덕,영업완료,,인사 드림,,완료
충주 별obgy 신규 아이템 소개,2026/02/24,신규 병원,세종충북,충주별산부인과 (https://app.notion.com/p/3b5fd9fcb8cd81c8898ad6579fc4d258?pvs=21),"관리팀 사무장, 구매",이재덕,영업완료,,서지소드 디테일 설명. 사용여부 알아보겠다고함.,,완료
충주 김앤권병원 정보 수집,2026/02/24,신규 병원,세종충북,충주 김앤권병원 (https://app.notion.com/p/3b5fd9fcb8cd81dd800ce1d2b4684a84?pvs=21),"관리팀 총무팀, 구매",이재덕,영업완료,,인사 드림,,완료
정성im 신규 아이템 소개,2026/02/25,신규 병원,세종충북,정성내과 (https://app.notion.com/p/3b5fd9fcb8cd810ba079f51c2317aba0?pvs=21),Im 원장,이재덕,영업완료,,수액킷 디테일 설명.,,완료
하임브릿지os 정보 수집,2026/02/25,신규 병원,세종충북,하임브릿지정형외과 (https://app.notion.com/p/3b5fd9fcb8cd8134aa64c1051896a128?pvs=21),"관리팀 사무장, 구매",이재덕,영업완료,,인사 드림,,완료
마디사랑병원 신규 아이템 소개,2026/02/25,신규 병원,세종충북,마디사랑병원 (https://app.notion.com/p/3b5fd9fcb8cd819082a8cd2c666e0e4a?pvs=21),"관리팀 구매과, 구매, 임상",이재덕,영업완료,,Prp 디테일,,완료
청주의료원 정보 수집,2026/02/25,기존 병원,세종충북,청주의료원 (https://app.notion.com/p/3b2fd9fcb8cd81c5a6aaf095c6e24261?pvs=21),일반외과 과장,이재덕,영업완료,,면담안 됨,,완료
하나병원 정보 수집,2026/02/25,기존 병원,세종충북,청주 하나병원 (https://app.notion.com/p/00b1783b8c6f4791ba486e1bed98675d?pvs=21),"관리팀 구매과, 구매",이재덕,영업완료,,Dtg 영업승인,,완료
Cnc재활병원 정보 수집,2026/02/25,신규 병원,세종충북,CnC재활 재활병원 (https://app.notion.com/p/CnC-3b5fd9fcb8cd8129a668fd2b6e9d30bd?pvs=21),재활 원장,이재덕,영업완료,,인사 드림,,완료
충북대병원 정보 수집,2026/02/25,기존 병원,세종충북,충북대학교병원 (https://app.notion.com/p/ba520b40010143dfae0d3ff058b73012?pvs=21),"os, 가정의학과, 관리팀 구매과, 구매",이재덕,영업완료,,인사하러감. Os 피곤하다고 안 됨. 자주둘러볼예정,,완료
서산한마음산부인과 신규 아이템 소개,2026/02/26,신규 병원,서산당진,서산한마음산부인과 (https://app.notion.com/p/3b5fd9fcb8cd81ceb3d7d93bd6a980c2?pvs=21),산부인과 최기욱원장님,이은필,영업완료,EN-Shot Biopsy 2.3cup (https://app.notion.com/p/EN-Shot-Biopsy-2-3cup-3b2fd9fcb8cd81448fb8f538a32b9a8a?pvs=21),"원장님미팅 첫방문
[비고] 스트라이커 위샵으로 복강경 하심
산모가 많지 않음 펀치바이옵시샘플
[다음 방문 예정일] 2026/03/05
[제공 샘플] 바이옵시",,완료
서산엠산부인과 정보 수집,2026/02/26,신규 병원,서산당진,서산엠산부인과 (https://app.notion.com/p/3b5fd9fcb8cd81ac903de9d7a9234c30?pvs=21),산부인과 윤덕용원장님,이은필,영업완료,,"처음방문, 펀치바이옵시들어가있음, 조리원도 같이운영함, 좌욕기 설명하고 관심보임, 담당간호사님 비급여제품 질건조관련 샘플갔다 주기로 함. 
[다음 방문 예정일] 2026/03/04",,완료
제천미래obgy 정보 수집,2026/02/26,기존 병원,세종충북,미래산부인과 (https://app.notion.com/p/3b2fd9fcb8cd814c8c1df0966b7437b2?pvs=21),산부인과 원장,이재덕,영업완료,,인사 드림,,완료
제천성지병원 정보 수집,2026/02/26,신규 병원,세종충북,제천성지병원 (https://app.notion.com/p/3b5fd9fcb8cd8140b276e7c4d6ef392b?pvs=21),"관리팀 구매과, 구매",이재덕,영업완료,,"인사 드림, 소모품관련 컨트롤은 직접챙긴다고함.",,완료
제천 킴스os 정보 수집,2026/02/26,신규 병원,세종충북,제천 킴스정형외과 (https://app.notion.com/p/3b5fd9fcb8cd813b86dbe767e79f6d5c?pvs=21),정형외과 원장,이재덕,영업완료,,Prp관련 여쭤봄,,완료
단양군보건소 정보 수집,2026/02/26,신규 병원,세종충북,단양군보건소 (https://app.notion.com/p/3b5fd9fcb8cd811cabfafa2728d8289e?pvs=21),"관리팀 구매과, 구매",이재덕,영업완료,,수기계약관련 문의하려했으나 휴가여서 못봄,,완료
제천 명지병원 정보 수집,2026/02/26,신규 병원,세종충북,제천명지병원 (https://app.notion.com/p/3b5fd9fcb8cd811f81d5cccde2960431?pvs=21),정형외과 교수,이재덕,영업완료,,"인사 드림, gs는 수술들어가서 못봄",,완료
제천 한양병원 신규 아이템 소개,2026/02/26,신규 병원,세종충북,제천 한양병원 (https://app.notion.com/p/3b5fd9fcb8cd81dd8ec5ee74f2414f00?pvs=21),"관리팀 구매과, 구매",이재덕,영업완료,,"서지소드 디테일, 펜코는 오는사람있다고함.",,완료
담소유 신규 아이템 소개,2026/03/03,기존 병원,서울경기,담소유병원 (https://app.notion.com/p/3b2fd9fcb8cd8189b20fed5f65b5992d?pvs=21),일반외과 간호부장님,이은필,영업완료,PENKO DF SURGI SWORD (https://app.notion.com/p/PENKO-DF-SURGI-SWORD-3b2fd9fcb8cd81b782dacd6ffbe4d5db?pvs=21),"친우메드 김창훈팀장 동행. 
펜코소드
[비고] 심점도 보다는 심박출력장치에 조금더 관심이 있음
추후 필요시에 데모요청예정
[제공 샘플] 펜코소드",,완료
마디사랑 정보 수집,2026/03/03,신규 병원,세종충북,마디사랑 (https://app.notion.com/p/3b5fd9fcb8cd811fae7ae96efdaedc9b?pvs=21),"관리팀 구매과, 구매",이재덕,영업완료,,세종수술포 사용했다 불편해서 변경했다함. 커스텀된다고 말해줌.,,완료
뿌리병원 정보 수집,2026/03/03,신규 병원,세종충북,뿌리병원 (https://app.notion.com/p/3b5fd9fcb8cd81f39984c99b28445d1b?pvs=21),"관리팀 구매과, 구매",이재덕,영업완료,,서지소드 디테일 설명.,,완료
유항외과 정보 수집,2026/03/03,신규 병원,세종충북,유항외과 (https://app.notion.com/p/3b5fd9fcb8cd81cdbd7ee6d12db7746e?pvs=21),일반외과 원장,이재덕,영업완료,,수술포 디테일 설명.,,완료
청주의료원 정보 수집,2026/03/03,기존 병원,세종충북,청주의료원 (https://app.notion.com/p/3b2fd9fcb8cd81c5a6aaf095c6e24261?pvs=21),일반외과 외과과장,이재덕,영업완료,,면담안 됨. Er들러서 인사하고 응급킷 디테일 설명.,,완료
현대병원 정보 수집,2026/03/03,신규 병원,세종충북,현대병원 (https://app.notion.com/p/3b5fd9fcb8cd810b9bdbd277014302cd?pvs=21),"관리팀 구매과, 구매",이재덕,영업완료,,서지소드 디테일 설명.,,완료
하나병원 신규 아이템 소개,2026/03/03,기존 병원,세종충북,청주 하나병원 (https://app.notion.com/p/00b1783b8c6f4791ba486e1bed98675d?pvs=21),일반외과 과장,이재덕,영업완료,,이번주 병원 전산망 변경으로 정신없다함. 금요일 재방문 예정.,,완료
해피맘obgy 정보 수집,2026/03/03,신규 병원,세종충북,해피맘산부인과 (https://app.notion.com/p/3b5fd9fcb8cd81f28547cb74385936a3?pvs=21),"관리팀 사무장, 구매",이재덕,영업완료,,신규os 병원관련 물어봄. 조동수코디 전화 안받음.,,완료
바로본os 정보 수집,2026/03/05,신규 병원,세종충북,바로본정형외과 (https://app.notion.com/p/3b5fd9fcb8cd81649ae2e88e1e38051c?pvs=21),정형외과 사무장,이재덕,영업완료,,개원예정처 9~10시사이 나온다고하여 기다려봄. 만나긴 했으나 이미예정된 업체있다고만함. 더 알아볼예정임.,,완료
프라임병원 정보 수집,2026/03/05,신규 병원,세종충북,프라임병원 (https://app.notion.com/p/3b5fd9fcb8cd81deb8e4cb450d7be103?pvs=21),"관리팀 구매과, 구매",이재덕,영업완료,,인사차방문,,완료
현대병원 신규 아이템 소개,2026/03/05,신규 병원,세종충북,현대병원 (https://app.notion.com/p/3b5fd9fcb8cd810b9bdbd277014302cd?pvs=21),"관리팀 총무팀장, 구매",이재덕,영업완료,,"강신우원장 근무시간 파악하고, 서지소드 디태일함.",,완료
아산웰마취 정보 수집,2026/03/05,신규 병원,천안아산,아산웰마취 (https://app.notion.com/p/3b5fd9fcb8cd81ebb411f9659828e1df?pvs=21),"관리팀 사무장, 구매",이재덕,영업완료,,원장님 뵈려했으나 시술들어가심.,,완료
진천미래마취통증 정보 수집,2026/03/05,신규 병원,세종충북,미래산부인과 (https://app.notion.com/p/3b2fd9fcb8cd814c8c1df0966b7437b2?pvs=21),"관리팀 사무장, 구매",이재덕,영업완료,,사용품목 메일보냈다고함. 안와서 다시 보내달라 요청함.,,완료
청주성모병원 정보 수집,2026/03/05,기존 병원,세종충북,청주성모병원 (https://app.notion.com/p/ed182db368ac4f5f8de44f30f7d610ad?pvs=21),일반외과 최승봉과장,이재덕,영업완료,,Dtg 디테일 설명함. 이미알고있으나 사용여부는 아직 모른다고함.,,완료
뿌리병원 정보 수집,2026/03/05,신규 병원,세종충북,뿌리병원 (https://app.notion.com/p/3b5fd9fcb8cd81f39984c99b28445d1b?pvs=21),"관리팀 구매팀, 구매",이재덕,영업완료,,서지소드 피드백은 아직없다고함.,,완료
세종엔케이병원 신규 아이템 소개,2026/03/09,신규 병원,대전논산,세종엔케이병원 (https://app.notion.com/p/3b5fd9fcb8cd819fa289f1fa842d206d?pvs=21),정형외과 심요섭과장,이은필,영업완료,,"영업갔으나 원장님 업체미팅안한다고 하심 
데스크에 봉합킷트 및 소공포 브류슈어 드림
[다음 방문 예정일] 2026/03/31
[제공 샘플] 봉합킷트 및 소공포",,완료
마디사랑병원 정보 수집,2026/03/09,신규 병원,세종충북,마디사랑병원 (https://app.notion.com/p/3b5fd9fcb8cd819082a8cd2c666e0e4a?pvs=21),"관리팀 구매과, 구매",이재덕,영업완료,,콜라템프 사용 확인.,,완료
뿌리병원 정보 수집,2026/03/09,신규 병원,세종충북,뿌리병원 (https://app.notion.com/p/3b5fd9fcb8cd81f39984c99b28445d1b?pvs=21),"관리팀 구매과, 구매",이재덕,영업완료,,콜라템프 사용 확인.,,완료
첼로병원 신규 아이템 소개,2026/03/09,신규 병원,세종충북,첼로병원 (https://app.notion.com/p/3b5fd9fcb8cd81e9ad37e9800b1f31ba?pvs=21),"관리팀 구매과, 구매",이재덕,영업완료,,검진복 디테일 설명.,,완료
현대병원 정보 수집,2026/03/09,신규 병원,세종충북,현대병원 (https://app.notion.com/p/3b5fd9fcb8cd810b9bdbd277014302cd?pvs=21),"관리팀 구매과, 구매",이재덕,영업완료,,콜라템프 사용 확인.,,완료
가경유항외과 정보 수집,2026/03/09,신규 병원,세종충북,가경유항외과 (https://app.notion.com/p/3b5fd9fcb8cd818a8007f4013ec40737?pvs=21),일반외과 원장,이재덕,영업완료,,수술팩상담,,완료
충주 세종os 정보 수집,2026/03/10,신규 병원,세종충북,충주 세종정형외과 (https://app.notion.com/p/3b5fd9fcb8cd812f8b20f7cb5cbe46ee?pvs=21),정형외과 사무장,이재덕,영업완료,,"하이겐트(Hygent) 디테일, 사용제품 물어봤으나 안알려줌.",,완료
충주 김훈ns 정보 수집,2026/03/10,신규 병원,세종충북,충주 김훈신경외과 (https://app.notion.com/p/3b5fd9fcb8cd81778427c505d2302c25?pvs=21),"관리팀 사무장, 구매",이재덕,영업완료,,인사 드림. 하이겐트(Hygent) 브로셔주고옴.,,완료
충주건대 정보 수집,2026/03/10,기존 병원,세종충북,건국대학교 충주병원 (https://app.notion.com/p/3c4ee56de1d148f59f4b8f2c63de6f08?pvs=21),"관리팀 구매과, 구매",이재덕,영업완료,,하이겐트(Hygent) 안들어와있음. 콜라템프 사용중.,,완료
충주 별산부인과 정보 수집,2026/03/10,신규 병원,세종충북,충주별산부인과 (https://app.notion.com/p/3b5fd9fcb8cd81c8898ad6579fc4d258?pvs=21),"관리팀 사무장, 구매",이재덕,영업완료,,하이겐트(Hygent) 디테일 설명. 3원장 뵈려했으나 안 됨.,,완료
충주 의료원 정보 수집,2026/03/10,기존 병원,세종충북,충주의료원 (https://app.notion.com/p/30ebb0603a8844aca2912287cf1fca29?pvs=21),정형외과 김범수과장,이재덕,영업완료,,인사 드림. 하이겐트(Hygent) 디테일 설명.,,완료
충주 건대 정보 수집,2026/03/10,기존 병원,세종충북,건국대학교 충주병원 (https://app.notion.com/p/3c4ee56de1d148f59f4b8f2c63de6f08?pvs=21),정형외과 배종우 교수,이재덕,영업완료,,하이겐트(Hygent) 디테일 설명.,,완료
음성 무척편한os 정보 수집,2026/03/10,신규 병원,세종충북,음성무척편한정형외과 (https://app.notion.com/p/3b5fd9fcb8cd81609d2efcfe327a83dd?pvs=21),"관리팀 원장 면담안됨. 사무장 인사함., 구매",이재덕,영업완료,,사무장 인사 드림.,,완료
진천 우리마취통증 정보 수집,2026/03/10,신규 병원,세종충북,진천우리마취통증 (https://app.notion.com/p/3b5fd9fcb8cd815d9248f2b2dd9a4e22?pvs=21),"관리팀 사무장, 구매",이재덕,영업완료,,견적서자료 받음.,,완료
오창 호수병원 정보 수집,2026/03/10,신규 병원,세종충북,오창호수병원 (https://app.notion.com/p/3b5fd9fcb8cd817aba85c5616a2e4edd?pvs=21),정형외과 원장,이재덕,영업완료,,하이겐트(Hygent) 디테일 설명. 별게 다나온다고함.,,완료
마디사랑병원 정보 수집,2026/03/11,신규 병원,세종충북,마디사랑병원 (https://app.notion.com/p/3b5fd9fcb8cd819082a8cd2c666e0e4a?pvs=21),"관리팀 구매과, 구매",이재덕,영업완료,,하이겐트(Hygent) 디테일 설명.,,완료
청주 탑병원 정보 수집,2026/03/11,신규 병원,세종충북,청주탑병원 (https://app.notion.com/p/3b5fd9fcb8cd81099e2adcbba17ae8c9?pvs=21),"관리팀 사무장, 구매",이재덕,영업완료,,면담안 됨,,완료
청주의료원 정보 수집,2026/03/11,기존 병원,세종충북,청주의료원 (https://app.notion.com/p/3b2fd9fcb8cd81c5a6aaf095c6e24261?pvs=21),정형외과 과장,이재덕,영업완료,,수술로 못봄,,완료
방서미즈닥터 수금,2026/03/11,신규 병원,세종충북,방서미즈닥터 (https://app.notion.com/p/3b5fd9fcb8cd81c79919eea9bf144109?pvs=21),산부인과 원장,이재덕,영업완료,,수금,,완료
청주성모병원 정보 수집,2026/03/11,기존 병원,세종충북,청주성모병원 (https://app.notion.com/p/ed182db368ac4f5f8de44f30f7d610ad?pvs=21),"관리팀 구매과, 구매",이재덕,영업완료,,서지소드 다음주 회의에 상정한다고 함.,,완료
다나산부인과 정보 수집,2026/03/11,신규 병원,세종충북,다나산부인과 (https://app.notion.com/p/3b5fd9fcb8cd810e9de9ff05fc1fc9ca?pvs=21),"관리팀 사무장, 구매",이재덕,영업완료,,인사 드림,,완료
서로손병원 정보 수집,2026/03/11,신규 병원,세종충북,서로손병원 (https://app.notion.com/p/3b5fd9fcb8cd810e8a71d530d2c270ec?pvs=21),Fm 원장,이재덕,영업완료,,인사 드림,,완료
충북대학교 정보 수집,2026/03/11,기존 병원,세종충북,충북대학교병원 (https://app.notion.com/p/ba520b40010143dfae0d3ff058b73012?pvs=21),"관리팀 중앙공급실, 구매",이재덕,영업완료,,하이겐트(Hygent) 디테일,,완료
담소유외과 신규 아이템 소개,2026/03/12,기존 병원,서울경기,담소유병원 (https://app.notion.com/p/3b2fd9fcb8cd8189b20fed5f65b5992d?pvs=21),일반외과 간호부장님,이은필,영업완료,,"메타소브관련 미팅 샘플 두개나감
[비고] 니들이조금다르지만, 처음단계이니 실이 어떤지 봐달라고 말씀 드리고 견적서나감
[다음 방문 예정일] 2026/03/19",,완료
서주태 신규 아이템 소개,2026/03/12,기존 병원,서울경기,서주태 비뇨기과 의원 (https://app.notion.com/p/3b2fd9fcb8cd81e1a2b0cf50b751133e?pvs=21),비뇨의학과 오지영선생님,이은필,영업완료,,"메타소브 샘플 두개나감
[비고] 선생님 질문사항은 이업체는 신규인지 오래된 곳인지 
급여라 금액은 상관 없으나 제품이 좋아야함

처음이니 실과니들좀 봐달라고 말씀드림.
써보시겠다고 함
[다음 방문 예정일] 2026/03/19",,완료
서로손병원 정보 수집,2026/03/13,신규 병원,세종충북,서로손병원 (https://app.notion.com/p/3b5fd9fcb8cd810e8a71d530d2c270ec?pvs=21),Fm 원장,이재덕,영업완료,,소모품상담,,완료
21세기병원 신규 아이템 소개,2026/03/13,신규 병원,세종충북,21세기병원 (https://app.notion.com/p/21-3b5fd9fcb8cd81c2b258c7fda18a7996?pvs=21),"관리팀 구매과, 구매",이재덕,영업완료,,하이겐트(Hygent)디테일,,완료
가톨릭병원 정보 수집,2026/03/13,신규 병원,세종충북,가톨릭병원 (https://app.notion.com/p/3b5fd9fcb8cd81aeb88ccf70b4f0cce9?pvs=21),"관리팀 총무팀, 구매",이재덕,영업완료,,면담안 됨,,완료
청주의료원 정보 수집,2026/03/13,기존 병원,세종충북,청주의료원 (https://app.notion.com/p/3b2fd9fcb8cd81c5a6aaf095c6e24261?pvs=21),정형외과 과장,이재덕,영업완료,,하이겐트(Hygent)디테일,,완료
보은한양병원 정보 수집,2026/03/13,신규 병원,세종충북,보은한양병원 (https://app.notion.com/p/3b5fd9fcb8cd81b4b358df27f0e822d8?pvs=21),"관리팀 구매과, 구매",이재덕,영업완료,,소모품디테일,,완료
옥천성모병원 정보 수집,2026/03/13,기존 병원,세종충북,옥천성모병원 (https://app.notion.com/p/1d6490ab72a64fa7a1e874bed8d3ee80?pvs=21),"관리팀 구매과, 구매",이재덕,영업완료,,출타중이라 못봄. 전화함.,,완료
가경유항gs 샘플 제공,2026/03/13,신규 병원,세종충북,가경유항외과 (https://app.notion.com/p/3b5fd9fcb8cd818a8007f4013ec40737?pvs=21),일반외과 원장,이재덕,영업완료,,수솔포제공.,,완료
아산웰마취통증 정보 수집,2026/03/16,신규 병원,천안아산,아산웰마취통증 (https://app.notion.com/p/3b5fd9fcb8cd81ef91f7fc6c0f057e2c?pvs=21),"관리팀 사무장, 구매",이재덕,영업완료,,소모품 상담.,,완료
연합os 정보 수집,2026/03/16,신규 병원,세종충북,연합정형외과 (https://app.notion.com/p/3b5fd9fcb8cd8142b333f1a545e9ebaa?pvs=21),정형외과 사무장,이재덕,영업완료,,인사 드림,,완료
모태안여성병원 정보 수집,2026/03/16,기존 병원,세종충북,모태안여성병원 (https://app.notion.com/p/3b2fd9fcb8cd8155911ec5bd84013f09?pvs=21),"관리팀 사무장, 구매",이재덕,영업완료,,수술들어감. 간호부장 dvt 디테일 설명.,,완료
뿌리병원 정보 수집,2026/03/16,신규 병원,세종충북,뿌리병원 (https://app.notion.com/p/3b5fd9fcb8cd81f39984c99b28445d1b?pvs=21),"관리팀 구매과, 구매",이재덕,영업완료,,하이게트 디테일 설명. 기회되면 써달라고요청,,완료
하임브릿지os 정보 수집,2026/03/16,신규 병원,세종충북,하임브릿지정형외과 (https://app.notion.com/p/3b5fd9fcb8cd8134aa64c1051896a128?pvs=21),"관리팀 사무장, 구매",이재덕,영업완료,,스프린트 정보 수집. 롤 많이사용하고 가벼운 타제품 사용중이라고함.,,완료
한국병원 정보 수집,2026/03/16,기존 병원,세종충북,청주 한국병원 (https://app.notion.com/p/ef784b1524834c199045e535d8e75bdd?pvs=21),일반외과 과장,이재덕,영업완료,,수술들어감. 내일재방문하겠음.,,완료
새빛병원 정보 수집,2026/03/16,신규 병원,세종충북,새빛병원 (https://app.notion.com/p/3b5fd9fcb8cd81fabc63dd10bfb9deeb?pvs=21),"관리팀 사무장, 구매",이재덕,영업완료,,면담안 됨,,완료
백승일os 정보 수집,2026/03/16,신규 병원,세종충북,백승일정형외과 (https://app.notion.com/p/3b5fd9fcb8cd81d091ccc8671dab2193?pvs=21),"관리팀 사무장, 구매",이재덕,영업완료,,면담안 됨.,,완료
청주성모병원 정보 수집,2026/03/17,기존 병원,세종충북,청주성모병원 (https://app.notion.com/p/ed182db368ac4f5f8de44f30f7d610ad?pvs=21),"관리팀 구매과, 구매",이재덕,영업완료,,다음주 금요일즘 보자고함. 아직 결정안났음.,,완료
한국병원 샘플 제공,2026/03/17,기존 병원,세종충북,청주 한국병원 (https://app.notion.com/p/ef784b1524834c199045e535d8e75bdd?pvs=21),일반외과 과장,이재덕,영업완료,,Dtg 데모 예정.,,완료
가경유항외과 정보 수집,2026/03/17,신규 병원,세종충북,가경유항외과 (https://app.notion.com/p/3b5fd9fcb8cd818a8007f4013ec40737?pvs=21),일반외과 원장,이재덕,영업완료,,수술들어가 못봄,,완료
제천 명지병원 정보 수집,2026/03/18,신규 병원,세종충북,제천명지병원 (https://app.notion.com/p/3b5fd9fcb8cd811f81d5cccde2960431?pvs=21),"관리팀 구매팀ㅅ상, 구매",이재덕,영업완료,,"Dvt, 압박스타킹 디테일 해봄. 이번에 들어온 스타킹 dc 올렸으나 부원장이 컷했다고함. 동종제품은 기존것 사용유지하고 향후 본기별로 dc회의 해서 선별하겠다고함. Os교수가 써보겠다고 했는데 컷되서 아직 말도 못하고 있다고 함. 외과 과장 하이겐트(Hygent) 디테일 하려고 했으나 시간없다고 면담 거절됨. Gs 1인이라 항상 바쁘다고함.",,완료
단양보건소 정보 수집,2026/03/18,신규 병원,세종충북,단양보건소 (https://app.notion.com/p/3b5fd9fcb8cd816bb92be66222bf31a1?pvs=21),"관리팀 구매과, 구매",이재덕,영업완료,,지역 계약관련 문의함. 제품이 나라장터에 등록된 제품이면 큰 상관없다함. 일반제품은 감사시에 지적사항이 될수있어 어렵다고함. 단 충남북 단독 공급업체 라면 상관이 없다고함. 총판이 충남 충북 한곳만 있는 제품이면 될수있다고 함.,,완료
괴산 서부병원 정보 수집,2026/03/18,신규 병원,세종충북,괴산 서부병원 (https://app.notion.com/p/3b5fd9fcb8cd811da3c8c8873d8a8398?pvs=21),"관리팀 총무과장, 구매",이재덕,영업완료,,하이겐트(Hygent) 디테일 하였으나 가격대가 맞지않는다고함. Os 수술정도 하는데 현 액상타입 급여제품 사용해도 아무런 문제가 없었는데 힘들듯하다고 함. 써지소드는 이미 사용중임. 선척순이라도 좋은제품 가져오면 써주겠다 약속함,,완료
오창 호수병원 정보 수집,2026/03/18,신규 병원,세종충북,오창호수병원 (https://app.notion.com/p/3b5fd9fcb8cd817aba85c5616a2e4edd?pvs=21),정형외과 원장,이재덕,영업완료,,"하이겐트(Hygent) 디테일 설명함. 겐타큐, 콜라템프 사용안하고 있음. 유착방지 제품 너무 많다고함.",,완료
하안유 신규 아이템 소개,2026/03/20,기존 병원,세종충북,하안유산부인과 (https://app.notion.com/p/3b2fd9fcb8cd8100aa5fc71251e36c0b?pvs=21),산부인과 안수영실장,이은필,영업완료,,"베리큐어 브로셔+견적서+실물샘플 각1개씩 
[비고] 낱개샘플말고 실물샘플 각 1개씩 준비하고 견적서랑 브로셔 준비해서 드림.
다음주에 가서 최종 체크좀 해봐야함",,완료
엠에스여성병원 신규 아이템 소개,2026/03/23,기존 병원,세종충북,엠에스여성의원 (https://app.notion.com/p/3b2fd9fcb8cd81718778d8073602d2c4?pvs=21),산부인과 검사실 책임간호사,이은필,영업완료,,"prp킷트 관련미팅
[비고] 획기적이거나, 기존제품보다 편하다고 느끼지 않음, 오염관련해서도 와닿지 않음
[제공 샘플] PRP킷트",,완료
모태안산부인과 PRP킷트,2026/03/23,기존 병원,세종충북,모태안여성병원 (https://app.notion.com/p/3b2fd9fcb8cd8155911ec5bd84013f09?pvs=21),산부인과 난임과 연구소장님,이은필,영업완료,,"킷트관련미팅
[비고] 엠에스와마찬가지로 크게 버피코트 추출단계가 줄어들게 보이지 않음, 간호사 동행하여 같이 살펴보았으나 같은 반응, 가격도 비쌈 기존제품은 2만원 이하로 들어오고 있음",,완료
음성무척편한os 정보 수집,2026/03/24,신규 병원,세종충북,음성무척편한정형외과 (https://app.notion.com/p/3b5fd9fcb8cd81609d2efcfe327a83dd?pvs=21),정형외과 사무장,이재덕,영업완료,,"수술잡을옛성, 대송 전납, 기존 유착방지제 리큐드 타입만 써왔음.",,완료
하나병원 신규 아이템 소개,2026/03/24,기존 병원,세종충북,청주 하나병원 (https://app.notion.com/p/00b1783b8c6f4791ba486e1bed98675d?pvs=21),일반외과 과장,이재덕,영업완료,,"Dtg 일단 불발, 지속 설득예정.",,완료
방서미즈닥터 신규 아이템 소개,2026/03/24,신규 병원,세종충북,방서미즈닥터 (https://app.notion.com/p/3b5fd9fcb8cd81c79919eea9bf144109?pvs=21),산부인과 원장,이재덕,영업완료,,박원장 써지소드 급여제품 주문예정.,,완료
보은한양병원 샘플 제공,2026/03/25,신규 병원,세종충북,보은한양병원 (https://app.notion.com/p/3b5fd9fcb8cd81b4b358df27f0e822d8?pvs=21),"관리팀 구매과, 구매",이재덕,영업완료,,"대장내시경바지 샘플, 사용할듯.",,완료
옥천성모병원 신규 아이템 소개,2026/03/25,기존 병원,세종충북,옥천성모병원 (https://app.notion.com/p/1d6490ab72a64fa7a1e874bed8d3ee80?pvs=21),"관리팀 구매과, 구매",이재덕,영업완료,,"겐타큐 디테일, 미사용중.",,완료
마디사랑병원 정보 수집,2026/03/25,신규 병원,세종충북,마디사랑병원 (https://app.notion.com/p/3b5fd9fcb8cd819082a8cd2c666e0e4a?pvs=21),"관리팀 구매과, 구매",이재덕,영업완료,,콜라템프 별다른 연락받지못했다고함. 겐타큐는 이미 검토한제품이라 기회되면 하이겐트(Hygent)로 다시 설명달라고함.,,완료
가경유항외과 정보 수집,2026/03/26,신규 병원,세종충북,가경유항외과 (https://app.notion.com/p/3b5fd9fcb8cd818a8007f4013ec40737?pvs=21),일반외과 원장,이재덕,영업완료,,하지정맥케이스 없어 아직 못써봄. 다음주 율량외과 원장과 약속있다고함. 소개해줄테니 가보라고함.,,완료
청주성모병원 정보 수집,2026/03/27,기존 병원,세종충북,청주성모병원 (https://app.notion.com/p/ed182db368ac4f5f8de44f30f7d610ad?pvs=21),"관리팀 구매과, 구매",이재덕,영업완료,,서지소드 피드백 받으러 갔으나 월말이고 대기자 많다고 다음주에 들러달라고 함. 원래 금요일 보기로 했는데 밀렸음.,,완료
청주 한국병원 정보 수집,2026/03/31,기존 병원,세종충북,청주 한국병원 (https://app.notion.com/p/ef784b1524834c199045e535d8e75bdd?pvs=21),일반외과 과장,이재덕,영업완료,,"Dtg 사용전, 빠르면 이번주 부원장과 상의후 데모예정",,완료
뿌리병원 정보 수집,2026/03/31,신규 병원,세종충북,뿌리병원 (https://app.notion.com/p/3b5fd9fcb8cd81f39984c99b28445d1b?pvs=21),"관리팀 구매과, 구매",이재덕,영업완료,,겐타큐 납품처 물어봤으나 안알려줌. 9만원대 납품이라고함.,,완료
세종엔케이 신규 아이템 소개,2026/04/01,신규 병원,대전논산,세종엔케이 (https://app.notion.com/p/3b5fd9fcb8cd8118b5f0d9168d9e8663?pvs=21),"관리팀 팀장 부재로  팀원미팅함., 구매",이은필,영업완료,,"서지소드 및 bng-tb 샘플나감.
[비고] 구매부서 통해서 1차 보여줘야함.
[다음 방문 예정일] 2026/04/08",,완료
충주 세종병원 정보 수집,2026/04/01,신규 병원,세종충북,충주 세종병원 (https://app.notion.com/p/3b5fd9fcb8cd81c9b092fa59d70ae1ef?pvs=21),"관리팀 사무장, 구매",이재덕,영업완료,,수지 수술은 원주 연세병원으로 보낸다고함. 앞으로 수술거의 안해서 유착방지제 사용없다함.,,완료
충주 미래병원 정보 수집,2026/04/01,신규 병원,세종충북,미래산부인과 (https://app.notion.com/p/3b2fd9fcb8cd814c8c1df0966b7437b2?pvs=21),"관리팀 구매과, 구매",이재덕,영업완료,,겐타큐 이야기함. 잘모르고 있음. 과장이나 병원장 봐야겠음.,,완료
충주 건대병원 신규 아이템 소개,2026/04/01,기존 병원,세종충북,건국대학교 충주병원 (https://app.notion.com/p/3c4ee56de1d148f59f4b8f2c63de6f08?pvs=21),"관리팀 구매과, 구매",이재덕,영업완료,,겐타큐 외과에 전달해본다고함.,,완료
다나여성병원 정보 수집,2026/04/01,신규 병원,세종충북,다나여성병원 (https://app.notion.com/p/3b5fd9fcb8cd8151a796f3cdc8a9a1c3?pvs=21),"관리팀 사무장, 구매",이재덕,영업완료,,스타킹 데모하기로함.,,완료
서산본병원 신규 아이템 소개,2026/04/02,신규 병원,서산당진,서산본병원 (https://app.notion.com/p/3b5fd9fcb8cd8123a43cc73d88054776?pvs=21),정형외과 간납사직원,이은필,영업완료,,"밴드골드픽스(급여) 및 펜코소드
1개씩 샘플나감",,완료
다나여성병원 샘플 제공,2026/04/08,신규 병원,세종충북,다나여성병원 (https://app.notion.com/p/3b5fd9fcb8cd8151a796f3cdc8a9a1c3?pvs=21),"관리팀 사무장, 구매",이재덕,영업완료,,Dvt 전달함. 다음주에 알려주겠다고함.,,완료
율량 유항외과 신규 아이템 소개,2026/04/08,신규 병원,세종충북,율량 유항외과 (https://app.notion.com/p/3b5fd9fcb8cd818e9bdcc633911d3c37?pvs=21),일반외과 신승현 원장,이재덕,영업완료,,수술팩 데모하기로함. 서지소드는 급여 비급여 상관없이 청구 안되기 기존거 사용한다고 함.,,완료
청추성모병원 정보 수집,2026/04/08,기존 병원,세종충북,청주성모병원 (https://app.notion.com/p/ed182db368ac4f5f8de44f30f7d610ad?pvs=21),"관리팀 구매과, 구매",이재덕,영업완료,,서지소드 er에서 피드백은 별로라고함. Er을 직접 공략해 봐야겠음.,,완료
서산엠산부인과 신규 아이템 소개,2026/04/28,신규 병원,서산당진,서산엠산부인과 (https://app.notion.com/p/3b5fd9fcb8cd81ac903de9d7a9234c30?pvs=21),산부인과 윤덕용원장님,이은필,영업완료,큐어폼 Cureform 5x7cm (https://app.notion.com/p/Cureform-5x7cm-3b2fd9fcb8cd8110a56ec09acca769d1?pvs=21),"원장님 미팅, 큐어폼 및 소공포 브로셔 나가고 큐어폼은 샘플나감.
[제공 샘플] 큐어폼",,완료
서산중앙 큐어폼,2026/04/28,기존 병원,서산당진,서산중앙병원 (https://app.notion.com/p/96fda86d9e5447878e3c62e2131a2304?pvs=21),"관리팀 성윤제과장미팅, 구매",이은필,영업완료,,큐어폼 브로수어 및 샘플 나감.,,완료
예산명지병원 큐어폼,2026/04/28,신규 병원,서산당진,예산명지병원 (https://app.notion.com/p/3b5fd9fcb8cd81e18637fb23141abf1f?pvs=21),일반외과 외과담당간호사,이은필,영업완료,,"큐어폼 브로셔전달, 샘플제공하지 않음. 원장님 바로 식사들어가서 미팅못함.",,완료
세종항도외과 신규 아이템 소개,2026/04/29,신규 병원,대전논산,세종항도외과 (https://app.notion.com/p/3b5fd9fcb8cd81fe93a8c316002e7d78?pvs=21),일반외과 박세염원장님,이은필,영업완료,,"처음방문, 원장님 친절하심, 소공포 및 펜코소드 설명드림
[비고] 5월중쯤에 재방문 예정",,완료
국립소방병원 샘플 제공,2026/05/13,신규 병원,세종충북,국립소방병원 (https://app.notion.com/p/3b5fd9fcb8cd81deb06ac995d7d642b9?pvs=21),산부인과 한명석교수,이재덕,영업완료,,"큐어폼, 자이네콜라(Gynecola) 디테일, 큐어폼은 화상센터에서 급여코드 잡으면 사용해볼만하다고함. 오후에 방문하였으나 면담안 됨, 차주 화상센터 방문예정.",,완료
국립소방병원 샘플 제공,2026/05/19,신규 병원,세종충북,국립소방병원 (https://app.notion.com/p/3b5fd9fcb8cd81deb06ac995d7d642b9?pvs=21),일반외과 김기호교수,이재덕,영업완료,큐어폼 Cureform 5x7cm (https://app.notion.com/p/Cureform-5x7cm-3b2fd9fcb8cd8110a56ec09acca769d1?pvs=21),"화상외과 과장님 금일 휴진, 환자없어 주일에 3일정도 계신다고함. 2진료실 일반외과 교수님 면담. 산부인과 한명석교수님 말씀 전달함. 큐어폼 생플젇날, 서지셀비교 가격 장점이라 소개함. 
[제공 샘플] 큐어폼",,완료
청주 담대항외과 샘플 제공,2026/05/27,신규 병원,세종충북,청주 담대항외과 (https://app.notion.com/p/3b5fd9fcb8cd81669692e58d3d837664?pvs=21),일반외과 수술방,이재덕,영업완료,,"라파팩, 소노젤 와이퍼 전달함. 와이퍼 좋아보인다함. 
[제공 샘플] 수술포",,완료
청주 다나병원 샘플 제공,2026/05/27,신규 병원,세종충북,청주 다나병원 (https://app.notion.com/p/3b5fd9fcb8cd81b4b0fafbaa746890bb?pvs=21),산부인과 간호과장,이재덕,영업완료,,"상지 스타킹 전달함. 하지 스타킹 선정될듯함. 총괄부장은 수술들어가서 못봄. 
[제공 샘플] 압박 스타킹",,완료
청주 한국병원 샘플 제공,2026/05/27,기존 병원,세종충북,청주 한국병원 (https://app.notion.com/p/ef784b1524834c199045e535d8e75bdd?pvs=21),수술방 구미희 간호사,이재덕,영업완료,,"일회용보비 전달, 어시스트 들어가서 다른간호사에게 전달함. 
[제공 샘플] 보비",,완료
국립소방병원 샘플 제공,2026/05/28,신규 병원,세종충북,국립소방병원 (https://app.notion.com/p/3b5fd9fcb8cd81deb06ac995d7d642b9?pvs=21),일반외과 문덕주교수,이재덕,영업완료,큐어폼 Cureform 5x7cm (https://app.notion.com/p/Cureform-5x7cm-3b2fd9fcb8cd8110a56ec09acca769d1?pvs=21),"큐어폼 디테일, obgy한명석교수님 멘트내용 전달함. 급여고 이야기듣고 싸다고 함. 의논해 본다고함. 원래 면담 잘한한다고 함. 
[제공 샘플] 큐어폼",,완료
충북대 샘플 전달 및 대응,2026/07/14,기존 병원,세종충북,충북대학교병원 (https://app.notion.com/p/ba520b40010143dfae0d3ff058b73012?pvs=21),,이재덕,영업완료,ANGIO 시술용 키트 PR03 (Adv.) (https://app.notion.com/p/ANGIO-PR03-Adv-3b2fd9fcb8cd816d9e80c13351bf5a01?pvs=21),"충북대학교병원에 ANGIO 시술용 키트 샘플을 전달했으나, 한벌구성 의료기기에 대한 부담을 나타냈습니다.
다음: 샘플 사용 여부 확인 후 회수 예정",샘플·데모,완료
단국대병원 샘플 전달,2026/07/01,기존 병원,천안아산,단국대학교병원 (https://app.notion.com/p/b9fc712674ae4da597b703d9322a5d47?pvs=21),문경미 간호사,최진웅,영업시도,ANGIO 시술용 키트 PR03 (Adv.) (https://app.notion.com/p/ANGIO-PR03-Adv-3b2fd9fcb8cd816d9e80c13351bf5a01?pvs=21),단국대학교병원 문경미 간호사와 미팅하여 기존 아리아크 제품 사용 현황을 확인했습니다. Angio kit 샘플 1개를 전달하였습니다.,샘플·데모,완료
당진종합병원 샘플 회수,2026/08/07,기존 병원,서산당진,당진종합병원 (https://app.notion.com/p/84bedc32f954413abebcc4279ae55b4c?pvs=21),김수인 대리,이은필,영업시도,ANGIO 시술용 키트 PR03 (Adv.) (https://app.notion.com/p/ANGIO-PR03-Adv-3b2fd9fcb8cd816d9e80c13351bf5a01?pvs=21),"당진종합병원의 김수인 대리에게 Angio kit 샘플을 전달했으나, 영업 불가 병원으로 확인되었습니다.
다음: 다음 주 중 전달한 샘플 회수 예정",샘플·데모,완료
서산중앙병원 샘플 전달,2026/07/01,기존 병원,서산당진,서산중앙병원 (https://app.notion.com/p/96fda86d9e5447878e3c62e2131a2304?pvs=21),구매팀 김종현 차장,이은필,영업시도,ANGIO 시술용 키트 PR03 (Adv.) (https://app.notion.com/p/ANGIO-PR03-Adv-3b2fd9fcb8cd816d9e80c13351bf5a01?pvs=21),"서산중앙병원 구매팀 김종현 차장에게 ANGIO 시술용 키트 샘플 1개를 전달하였습니다.
다음: 샘플 사용 여부 및 피드백 확인 예정",샘플·데모,완료
백제병원 Angio 샘플 전달,2026/07/15,기존 병원,대전논산,백제종합병원 (https://app.notion.com/p/24843013ded94b9f9010c3329bdcdcf6?pvs=21),이호준 간호사,최진웅,영업완료,ANGIO 시술용 키트 PR03 (Adv.) (https://app.notion.com/p/ANGIO-PR03-Adv-3b2fd9fcb8cd816d9e80c13351bf5a01?pvs=21),"백제종합병원 심혈관센터 이호준 간호사에게 Angio kit 샘플 2개를 전달했습니다. 이 중 1개는 현장에서 사용하며, 나머지 1개는 관리팀 확인 후 회수할 예정입니다.
다음: 관리팀 검토용 샘플 1개 회수 및 피드백 확인",샘플·데모,완료
Angio 키트 도입 논의,2026/07/01,기존 병원,천안아산,순천향대학교부속천안병원 (https://app.notion.com/p/3b2fd9fcb8cd8173aa08da326d665afe?pvs=21),김혜경,최진웅,영업시도,ANGIO 시술용 키트 PR03 (Adv.) (https://app.notion.com/p/ANGIO-PR03-Adv-3b2fd9fcb8cd816d9e80c13351bf5a01?pvs=21),"순천향대학교부속천안병원 김혜경 선생님과의 전화 미팅에서 Angio 시술용 키트 한벌 구성에 대한 부담감을 확인했습니다. 서울 순천향병원의 응급키트 진행 상황을 공유하며 재접근할 계획입니다.
다음: 서울 순천향 응급키트 진행 상황 보고 후 재접근",제품설명·소개,완료
하나병원 Angio kit 미팅,2026/07/02,기존 병원,세종충북,청주 하나병원 (https://app.notion.com/p/00b1783b8c6f4791ba486e1bed98675d?pvs=21),구매팀 이사,이재덕,영업실패,ANGIO 시술용 키트 PR03 (Adv.) (https://app.notion.com/p/ANGIO-PR03-Adv-3b2fd9fcb8cd816d9e80c13351bf5a01?pvs=21),"청주 하나병원 구매팀 이사와 Angio kit 도입 관련 미팅을 진행했으며, 긍정적으로 검토하겠다는 답변을 받았습니다.
다음: 구매팀 검토 결과 피드백 확인",제품설명·소개,완료
효성병원 카탈로그 전달,2026/07/02,기존 병원,세종충북,청주효성병원 (https://app.notion.com/p/4ed256ac06214acc9c65ebb903123c3c?pvs=21),,이재덕,영업시도,ANGIO 시술용 키트 PR03 (Adv.) (https://app.notion.com/p/ANGIO-PR03-Adv-3b2fd9fcb8cd816d9e80c13351bf5a01?pvs=21),청주효성병원에 유선으로 연락하여 Angio kit 카탈로그 사진을 전달했습니다.,제품설명·소개,완료
심혈관센터 운영 확인,2026/07/02,기존 병원,세종충북,청주의료원 (https://app.notion.com/p/3b2fd9fcb8cd81c5a6aaf095c6e24261?pvs=21),,이재덕,영업시도,ANGIO 시술용 키트 PR03 (Adv.) (https://app.notion.com/p/ANGIO-PR03-Adv-3b2fd9fcb8cd816d9e80c13351bf5a01?pvs=21),"청주의료원에 전화하여 Angio kit 영업을 위해 심혈관센터의 운영 여부를 확인했습니다. 안내도상 4층에 혈관조영실이 있는 것으로 확인되어 추가 확인 중입니다.
다음: 심혈관센터 및 혈관조영실 실제 운영 여부 최종 확인",기타,완료
서산의료원 샘플 전달,2026/07/14,기존 병원,서산당진,서산의료원 (https://app.notion.com/p/4da1229fe23e43628bf3b956c31894e6?pvs=21),,이은필,영업시도,ANGIO 시술용 키트 PR03 (Adv.) (https://app.notion.com/p/ANGIO-PR03-Adv-3b2fd9fcb8cd816d9e80c13351bf5a01?pvs=21),서산의료원 심뇌혈관센터를 방문하여 미팅을 진행하고 ANGIO 시술용 키트 샘플 1개를 전달하였습니다.,샘플·데모,완료
하나병원 영업 중단,2026/07/13,기존 병원,세종충북,청주 하나병원 (https://app.notion.com/p/00b1783b8c6f4791ba486e1bed98675d?pvs=21),,이재덕,영업실패,ANGIO 시술용 키트 PR03 (Adv.) (https://app.notion.com/p/ANGIO-PR03-Adv-3b2fd9fcb8cd816d9e80c13351bf5a01?pvs=21),청주 하나병원을 방문하였으나 Angio kit 사용 계획이 없다고 확인되어 영업을 중단합니다.,제품설명·소개,완료
충주건대 Angio kit 도입 추진,2026/08/07,기존 병원,세종충북,건국대학교 충주병원 (https://app.notion.com/p/3c4ee56de1d148f59f4b8f2c63de6f08?pvs=21),,이재덕,영업시도,ANGIO 시술용 키트 PR03 (Adv.) (https://app.notion.com/p/ANGIO-PR03-Adv-3b2fd9fcb8cd816d9e80c13351bf5a01?pvs=21),"충주 건국대병원 심혈관센터에 방문하여 Angio kit 관련으로 간호사 미팅을 진행했으나 도입 여부는 미정입니다.
다음: 심혈관센터 담당 교수 미팅 추진",제품설명·소개,완료
충주의료원 키트 면담,2026/07/13,기존 병원,세종충북,충주의료원 (https://app.notion.com/p/30ebb0603a8844aca2912287cf1fca29?pvs=21),진동규 과장,이재덕,영업시도,ANGIO 시술용 키트 PR03 (Adv.) (https://app.notion.com/p/ANGIO-PR03-Adv-3b2fd9fcb8cd816d9e80c13351bf5a01?pvs=21),충주의료원을 방문하여 진동규 과장과 Angio kit 관련 면담을 진행했으나 별다른 반응은 없었습니다.,제품설명·소개,완료
백제병원 계약 완료,2026/07/01,기존 병원,대전논산,백제종합병원 (https://app.notion.com/p/24843013ded94b9f9010c3329bdcdcf6?pvs=21),,최진웅,영업완료,ANGIO 시술용 키트 PR03 (Adv.) (https://app.notion.com/p/ANGIO-PR03-Adv-3b2fd9fcb8cd816d9e80c13351bf5a01?pvs=21),백제종합병원을 방문하여 Angio kit 납품 확정 및 계약 체결을 완료했습니다.,납품·설치,완료
서산중앙병원 샘플 전달,2026/07/31,기존 병원,서산당진,서산중앙병원 (https://app.notion.com/p/96fda86d9e5447878e3c62e2131a2304?pvs=21),,이은필,영업시도,ANGIO 시술용 키트 PR03 (Adv.) (https://app.notion.com/p/ANGIO-PR03-Adv-3b2fd9fcb8cd816d9e80c13351bf5a01?pvs=21),"서산중앙병원에 방문하여 Angio kit PR07 샘플 테스트 후, 병원 요청에 따라 PR04 샘플 1개를 전달했습니다.",샘플·데모,완료
충북대 Angio 키트 계약,2026/08/01,기존 병원,세종충북,충북대학교병원 (https://app.notion.com/p/ba520b40010143dfae0d3ff058b73012?pvs=21),,이재덕,영업완료,ANGIO 시술용 키트 PR03 (Adv.) (https://app.notion.com/p/ANGIO-PR03-Adv-3b2fd9fcb8cd816d9e80c13351bf5a01?pvs=21),충북대학교병원을 방문하여 ANGIO 시술용 키트 납품 계약을 완료했습니다.,납품·설치,완료
단국대병원 샘플 대응,2026/08/04,기존 병원,천안아산,단국대학교병원 (https://app.notion.com/p/b9fc712674ae4da597b703d9322a5d47?pvs=21),교수,최진웅,영업시도,ANGIO 시술용 키트 PR03 (Adv.) (https://app.notion.com/p/ANGIO-PR03-Adv-3b2fd9fcb8cd816d9e80c13351bf5a01?pvs=21),"단국대학교병원을 방문하여 Angio 키트에 대한 피드백을 수렴했습니다. 비급여 우려 및 뇌혈관용 커스터마이징 필요성에 대응해 추가 샘플을 전달하기로 했습니다.
다음: 이번 주 중 샘플 2개 재전달 예정",샘플·데모,완료
Angio키트 샘플 전달,2026/08/07,기존 병원,대전논산,(의)영훈의료재단유성선병원 (https://app.notion.com/p/ae1c9008543340fa9a107374d735d452?pvs=21),,최진웅,영업시도,ANGIO 시술용 키트 PR03 (Adv.) (https://app.notion.com/p/ANGIO-PR03-Adv-3b2fd9fcb8cd816d9e80c13351bf5a01?pvs=21),"유성선병원을 방문하여 Angio 키트 샘플 2개를 전달했으며, 실무진으로부터 긍정적인 반응을 얻었습니다.
다음: 다음 주 피드백 확인",샘플·데모,완료
홍성의료원 샘플 전달,2026/07/02,기존 병원,서산당진,홍성의료원 (https://app.notion.com/p/724dd38877f9463d8544f5f556ec3bca?pvs=21),,이은필,영업시도,ANGIO 시술용 키트 PR03 (Adv.) (https://app.notion.com/p/ANGIO-PR03-Adv-3b2fd9fcb8cd816d9e80c13351bf5a01?pvs=21),홍성의료원 심뇌혈관센터에 방문하여 ANGIO 시술용 키트 PR03 (Adv.) 샘플 1개를 전달했습니다.,샘플·데모,완료
대전 한국병원 ANGIO 시술용 키트 PR03 (Adv.) 샘플/데모,2026/08/10,신규 병원,대전논산,대전 한국병원 (https://app.notion.com/p/3b8fd9fcb8cd809e945af8653eaf456e?pvs=21),실장,최진웅,영업시도,ANGIO 시술용 키트 PR03 (Adv.) (https://app.notion.com/p/ANGIO-PR03-Adv-3b2fd9fcb8cd816d9e80c13351bf5a01?pvs=21),"대전한국병원 심장혈관센터에 ANGIO 시술용 키트 PR03 샘플을 제공하였습니다.
다음: 목요일 또는 금요일 중 재방문하여 실장 면담 예정",샘플·데모,신규확인필요
진천 중앙제일병원 미팅진행,2026/08/21,기존 병원,세종충북,진천 중앙제일병원 (https://app.notion.com/p/3b5fd9fcb8cd81ffb993e4f28cb46c4a?pvs=21),"임정일 병원장, 홍윤철 과장",이재덕,영업시도,,"진천 중앙제일병원의 임정일 병원장과 홍윤철 과장 면담을 시도했으나 성사되지 않았습니다. 향후 지속적으로 재방문하여 면담을 시도할 예정입니다.
다음: 지속적인 방문 및 면담 시도",관계관리,완료
청주 한국병원 Drain-TG™ (Drain Tube Guide) 제품설명,2026/08/22,기존 병원,세종충북,청주 한국병원 (https://app.notion.com/p/ef784b1524834c199045e535d8e75bdd?pvs=21),"신희용 과장, 윤창균 부원장",이재덕,영업시도,,"신희용 과장에게 DTG를 소개해 케이스 발생 시 사용해 보기로 했으나, 윤창균 부원장은 하이겐트 도입에 대해 기존 제품 사용 만족으로 아직 고려하지 않는다고 답했습니다.
다음: DTG 실제 사용 여부 확인 및 하이겐트 추가 관리",제품설명·소개,완료
담소유병원 엔도튜브 3.0 납품,2026/08/24,기존 병원,서울경기,담소유병원 (https://app.notion.com/p/3b2fd9fcb8cd8189b20fed5f65b5992d?pvs=21),최홍구 대리,이은필,영업시도,,"담소유병원에 엔도튜브 3.0 제품을 납품하고, 공급 이슈로 대체 품목을 설명하였습니다. 아울러 최홍구 대리를 만나 소모품 단가 인상에 대해 설명하였습니다.",납품·설치,신규확인필요
분당제일여성병원 수술팩 및 핸들 납품,2026/08/24,기존 병원,서울경기,분당제일여성병원 (https://app.notion.com/p/3b2fd9fcb8cd816fa819fecaebcc1b6d?pvs=21),이전희,이은필,영업시도,,분당제일여성병원에 수술팩 및 핸들을 납품하였습니다. 이전희 선생님께서 발주한 수량이 많다고 말씀하셨습니다.,납품·설치,신규확인필요
서주태 비뇨기과 의원 필터주사기 납품,2026/08/24,기존 병원,서울경기,서주태 비뇨기과 의원 (https://app.notion.com/p/3b2fd9fcb8cd81e1a2b0cf50b751133e?pvs=21),,이은필,영업시도,,서주태 비뇨기과 의원에 필터주사기를 납품하였습니다.,납품·설치,신규확인필요
유엔비 외과의원 소모품 납품,2026/08/24,기존 병원,서울경기,유엔비 외과의원 (https://app.notion.com/p/3b2fd9fcb8cd8111940acecbbea315e5?pvs=21),,이은필,영업시도,,유엔비 외과의원에 소모품을 납품하였습니다.,납품·설치,신규확인필요
국립소방병원 HYGENT (하이젠트) 제품설명,2026/08/24,기존 병원,,국립소방병원 (https://app.notion.com/p/3b5fd9fcb8cd81deb06ac995d7d642b9?pvs=21),김기호,이재덕,영업시도,,"국립소방병원 외과 김기호 교수에게 하이겐트를 소개했으나 미온적인 반응을 보였습니다. 유착 방지율 관련 추가 자료와 요청받은 트로카, 원포트 카탈로그를 준비하여 재방문할 예정입니다.
다음: 하이겐트 유착 방지율 추가 자료 및 트로카, 원포트 카탈로그 준비 후 전달",제품설명·소개,완료
모태안여성병원 납품,2026/08/24,기존 병원,세종충북,모태안여성병원 (https://app.notion.com/p/3b2fd9fcb8cd8155911ec5bd84013f09?pvs=21),,이재덕,영업시도,,모태안여성병원에 물품을 납품하였습니다.,납품·설치,완료
청주성모병원 ANGIO 시술용 키트 PR03 (Adv.) 제품설명,2026/08/24,기존 병원,세종충북,청주성모병원 (https://app.notion.com/p/ed182db368ac4f5f8de44f30f7d610ad?pvs=21),,이재덕,영업시도,ANGIO 시술용 키트 PR03 (Adv.) (https://app.notion.com/p/ANGIO-PR03-Adv-3b2fd9fcb8cd816d9e80c13351bf5a01?pvs=21),"청주성모병원 구매과에 앤지오킷에 대해 문의하였으나 잘 모르는 반응이었습니다. 확인을 거쳐 9월 중 심혈관 센터를 방문할 계획입니다.
다음: 9월 중 심혈관 센터 방문",제품설명·소개,완료
청주 뿌리병원 힙조인트 제품설명,2026/08/24,기존 병원,세종충북,청주 뿌리병원 (https://app.notion.com/p/3b5fd9fcb8cd81b185fac4f409ea671f?pvs=21),차영찬 원장,이재덕,영업시도,,"청주 뿌리병원 구매과에 힙조인트를 소개하였으나 사용 경험이 없다고 하였습니다. 추후 차영찬 원장과 면담을 진행할 예정입니다.
다음: 추후 차영찬 원장 면담",제품설명·소개,신규확인필요
청주의료원 스타픽스 제품설명,2026/08/24,기존 병원,세종충북,청주의료원 (https://app.notion.com/p/3b2fd9fcb8cd81c5a6aaf095c6e24261?pvs=21),이중선 OS과장,이재덕,영업실패,,청주의료원 이중선 OS과장에게 스타픽스 카탈로그를 전달하고 제품을 소개했습니다. 하지만 올해는 제품을 변경하여 사용하기 어렵다는 답변을 받았습니다.,제품설명·소개,신규확인필요
충북대학교병원 ANGIO 시술용 키트 PR03 (Adv.) 제품설명,2026/08/24,기존 병원,세종충북,충북대학교병원 (https://app.notion.com/p/ba520b40010143dfae0d3ff058b73012?pvs=21),김상민 교수,이재덕,영업시도,ANGIO 시술용 키트 PR03 (Adv.) (https://app.notion.com/p/ANGIO-PR03-Adv-3b2fd9fcb8cd816d9e80c13351bf5a01?pvs=21),"충북대학교병원 심장내과 김상민 교수에게 엔지오킷 발주를 요청드렸으며, 기회가 되면 사용해보겠다는 답변을 받았습니다.
다음: 추후 재방문하여 엔지오킷 사용 여부 확인 및 추가 영업 진행",제품설명·소개,완료